symbol,price
CAA,78.89
BAD,67.1
CAA,48.2
EBE,97.65
BCA,74.99
DBA,53.38
DAE,25.14
DBA,40.93
CCA,81.62
CCC,52.31
AEA,43.0
BCA,76.78
DEC,32.2
BBD,84.9
BAE,51.3
DCD,43.81
BCB,75.66
ACB,51.45
EBE,14.17
EEC,76.58
DDA,26.94
BCD,28.85
CCD,99.41
EBB,66.15
CAB,20.21
DDE,67.39
CEB,92.09
BBE,36.4
ACE,77.42
EAA,37.75
EDD,65.69
ACD,26.67
BBC,13.48
AEB,24.75
CBD,79.38
DDC,41.39
CBD,33.54
EEC,41.94
DAC,37.2
BAD,59.98
ADA,38.97
CBC,82.61
DCA,71.67
ECB,56.45
DAC,88.06
BDD,53.9
CED,38.4
DAE,75.36
DAC,89.04
AEA,96.42
DAD,52.77
BDE,62.08
DEB,22.16
EAE,18.0
BCC,93.06
AEA,45.13
CBA,85.72
AEC,61.58
BEB,75.51
DEE,67.72
AAA,38.78
EBD,73.88
CAE,90.33
CCD,18.75
AAC,96.56
DEB,64.86
BAB,99.9
BAB,54.24
AAC,13.12
ECA,74.86
AAD,28.37
DEB,95.03
ACC,80.5
ECA,94.8
CDE,90.51
CBB,94.43
BEE,16.95
DEA,54.66
ADC,95.27
CCC,99.79
EEE,91.97
BAD,13.38
BBD,61.48
ACA,45.14
DDC,91.14
BCB,37.38
CCC,93.12
AEC,88.51
EBB,80.43
AAE,79.12
CBA,70.92
DAC,68.63
DCD,35.14
CCD,99.61
DDE,91.06
ADB,70.24
BCD,44.5
EEA,63.97
AEB,89.93
EDB,74.42
ADE,22.96
CAE,37.43
DCA,36.46
CBE,74.26
AED,33.67
CAE,58.06
DAC,41.82
EBD,31.17
DBD,53.17
AAA,16.2
EDC,27.73
DEC,28.97
ABD,11.05
DCE,78.89
ECB,89.69
BCA,24.33
DBD,86.01
CDB,88.28
DDE,22.15
BBB,55.77
CAB,86.34
EBB,25.25
BDD,64.26
CDA,31.28
BDD,64.54
EBD,32.27
CCD,25.84
CEB,99.29
BCC,51.93
BAA,80.64
EBC,96.5
ABB,30.12
AEE,58.1
BCC,99.18
CDC,54.6
EAA,85.13
DAA,90.38
CAC,83.79
ABD,36.08
AEE,71.77
EBE,28.63
ABB,24.54
EBA,72.53
BBB,80.08
ACD,23.27
DAA,97.71
EDC,47.67
CDD,73.53
BEA,13.53
ADB,98.08
DBE,87.83
CCA,77.14
EDC,26.73
ADC,22.21
ADB,95.28
ADE,50.5
CDC,29.97
DCC,60.61
CAA,37.44
AED,85.04
EBE,23.2
EEA,90.23
ACC,48.92
CDC,50.05
ADD,99.81
ADE,41.42
EDD,10.84
DBE,70.59
CEE,31.94
EAC,24.0
ABD,54.78
DAC,49.12
BEC,58.42
DCA,38.52
BAB,36.93
ECA,73.46
BDE,84.17
ADD,89.21
EBB,81.63
ECE,22.08
ABE,44.95
DAC,31.38
ACB,24.76
CAB,30.52
BCD,68.27
EED,49.63
DAE,29.37
EDB,55.93
BDE,60.74
EBD,92.64
DBA,92.42
BCB,66.49
AEB,20.3
DAE,14.28
BBC,86.16
DEC,55.27
CAC,37.91
ECD,31.83
ECD,84.0
EDA,28.7
BAA,90.23
ADD,42.81
CCB,32.45
CCE,48.22
CEA,49.61
BEE,26.14
BAB,52.18
EEA,52.17
CCC,72.34
ACD,52.5
BAB,42.29
DEC,59.13
BDB,68.19
BDE,22.9
CEA,92.72
AAE,32.43
AED,41.81
CAA,22.44
CBC,25.76
EEC,12.1
DBB,11.01
AEC,81.2
DCD,37.09
BEC,82.62
DDD,77.59
ACD,83.94
CCA,75.77
BCE,42.73
ECA,70.86
EDA,64.55
CAD,63.23
ACD,51.77
AED,73.76
DEC,30.76
ACD,43.48
ADA,35.68
DCB,83.78
EDC,56.34
CDC,23.23
DDB,92.92
CAD,13.62
EAC,45.95
CCD,88.55
DDB,88.13
CDA,83.54
ABB,73.16
CEB,64.33
EDC,96.4
EBB,39.93
CBD,30.92
BDC,31.32
EAA,32.83
BCB,85.38
CEC,25.23
DDA,82.63
ECB,93.92
BDA,40.46
AAC,43.45
BAA,28.61
ADC,11.45
CCB,10.1
BCC,17.72
EEE,80.58
BDE,42.11
CAD,88.66
ACA,35.67
CAB,74.7
CAD,27.11
CBA,12.47
DDC,88.72
BBC,83.04
EDC,45.66
DDE,22.12
EDC,64.23
EAD,16.11
CDB,83.37
EDE,80.55
ACA,44.7
EDD,83.2
BDC,22.28
CAC,41.66
DAE,32.29
CEB,91.87
DCD,11.61
EEA,58.46
BED,90.82
EDC,89.09
AEB,32.83
EED,23.83
BEC,56.25
CDA,92.6
CEC,23.56
DEB,60.48
CAE,14.84
DCE,38.1
EEC,35.08
EAE,95.61
CCD,68.78
ECD,96.12
EDA,93.96
EBB,48.03
ECC,34.08
DBA,68.76
DDD,76.89
CAE,20.44
CDE,57.17
CCB,42.48
EEE,38.45
BEA,74.77
DDA,16.27
ACE,15.67
BBD,52.02
ECD,93.27
ECA,13.1
DDD,67.86
BDC,85.8
BBE,78.4
BCB,36.98
EEA,62.38
CAB,73.89
ADC,37.26
AEE,31.76
AED,27.8
CBD,29.69
CBE,24.36
EAA,71.34
ECA,57.59
EDD,79.52
ADD,23.16
DCD,47.89
DBB,82.94
EBB,63.71
DEC,52.54
BDD,98.09
EDE,21.62
BEB,89.55
ADA,54.14
EAD,90.23
ACA,49.0
BCA,63.39
DAB,99.77
BDB,64.99
CBE,84.93
ABA,88.23
DDE,33.91
BED,36.31
DBE,53.72
BDE,55.89
CED,12.15
CCA,14.35
EAC,51.67
AEA,86.38
CBD,61.17
ADC,17.94
ECE,61.6
CCE,39.15
CCE,63.44
DED,60.17
CED,42.12
CCE,19.51
DBB,66.0
AEB,33.82
BAC,57.31
BDD,67.7
EED,60.88
EAD,15.4
EBC,64.49
DEC,52.18
CCE,42.38
CCE,55.8
ADE,63.97
EAA,29.92
ABB,77.15
AAE,50.83
CBC,32.13
EEA,65.38
BEC,29.72
CDB,21.46
CBE,41.93
AAA,27.4
DDC,52.17
CBC,64.01
DBE,98.62
EAA,66.57
BDD,45.34
BAE,14.58
ABC,96.19
EBA,25.59
CDC,81.63
DAC,36.84
DDA,17.17
EDB,93.25
EED,64.74
EAD,95.27
EDA,68.36
ADE,56.59
CBA,71.76
AAE,13.6
CCC,86.53
EAB,71.54
DCB,22.83
BCC,81.03
EAB,18.36
BBD,32.48
CDC,27.15
EEA,10.45
DDE,21.88
DCA,58.11
BAA,92.53
BCE,34.11
DEC,57.22
BBA,97.17
EAA,74.3
ADE,28.28
DED,78.86
CED,32.24
ABD,82.93
DCD,28.45
CAB,17.35
CAB,55.15
AED,30.01
DAB,23.68
CAE,90.49
CBD,48.37
EAC,89.49
ECA,78.67
ACC,42.99
DAB,29.55
DED,60.67
DBE,78.09
DEB,33.96
ACB,19.32
BAE,81.87
BAE,19.54
DEE,77.04
AED,53.79
EEE,83.51
DED,76.78
DEE,52.25
BEC,75.87
ADB,30.4
AAB,26.72
CBA,29.16
BAC,53.82
ADD,43.49
EEB,14.98
BDA,78.81
AAC,27.04
EAC,10.87
BCA,23.89
DDC,54.53
CAE,27.77
BED,83.23
EAE,65.16
BAE,97.59
CAC,23.71
BAA,57.38
DBE,83.93
CAE,36.63
DDE,82.78
CAE,66.79
DAB,72.92
ACA,69.64
ABB,93.99
CAA,56.44
ABA,95.49
BCB,19.94
DAA,28.55
DBC,16.83
CED,99.69
DAA,93.16
CAB,20.89
ACE,82.19
DAB,30.56
ADE,27.0
EDB,95.62
CBE,12.99
DAE,71.36
DEA,64.48
DAB,40.9
DCD,92.22
DED,74.8
DBC,88.65
DAD,63.77
BEA,23.82
BBC,44.14
ABE,12.42
ADB,25.61
EDC,76.34
CBE,26.28
DDE,15.53
BED,94.99
AAE,12.84
BDB,38.96
BDC,45.44
ABD,19.38
BAD,18.65
EDC,76.26
BCD,36.66
BEA,59.13
AAE,20.18
BDD,61.7
ABA,67.81
DCE,15.64
CCA,99.09
BEA,99.93
DCA,56.77
ADA,37.15
CCB,26.19
ACB,59.09
ACB,83.76
DED,30.18
ABD,90.41
ADA,61.22
AEA,43.27
AED,46.98
DCC,23.63
DEE,92.27
DDE,77.01
EBA,15.46
BEB,74.34
CEE,10.48
ECB,48.33
DAA,84.0
CCA,31.59
ADE,39.75
AEC,33.82
ECB,41.65
DEA,74.67
BAC,65.45
ABD,58.46
DED,49.9
EDE,90.85
BBA,87.31
EDC,59.94
EEB,37.96
EDA,82.41
ECA,92.5
EBC,58.59
DAE,55.33
BEC,92.99
ADD,54.95
ABB,26.73
CAA,31.96
ADC,83.37
BAD,41.45
ECA,63.57
EBD,27.4
ADB,18.41
EDD,58.47
CEE,45.64
AAB,60.87
DBB,75.82
CBA,89.88
DCC,55.66
ACB,97.15
CEE,49.31
BDC,83.65
DCE,36.92
CCA,87.48
BAD,76.31
EDA,88.19
EEE,42.94
CCB,52.45
EDA,44.89
CAA,56.04
CEA,46.77
ADC,13.89
EBD,74.25
AEE,80.56
CCD,65.86
EDD,65.13
BAE,66.42
CCA,41.05
DAA,87.94
DDD,59.11
ADE,54.95
EBD,84.66
BEA,21.95
EDB,70.11
CBB,78.36
CCD,41.99
DDC,24.7
CBC,51.73
ABB,18.97
CEE,67.79
DEB,97.35
CBD,24.61
EDC,37.82
AAA,22.75
DAB,80.65
CDE,68.69
BCD,27.2
BCD,47.91
DAE,81.55
DEC,96.48
DBE,84.89
BEC,86.06
AAE,85.15
CDE,97.79
ADB,18.81
DEA,60.74
CCD,55.06
BBD,78.47
EDA,11.0
DEE,36.98
EAB,62.84
DEB,65.37
DAA,55.94
BBE,52.73
DBE,11.71
AEB,10.13
CCB,88.02
EBB,89.14
EDE,69.66
DAD,83.13
BAE,53.11
BDB,58.66
CCE,61.27
DBC,56.37
AED,76.48
ADA,49.03
ECA,37.97
ADB,78.56
DDB,31.68
CBB,34.49
EEE,23.51
DED,56.84
ECE,33.19
EDE,91.27
CAB,51.15
DEB,54.46
ADD,70.53
AAA,31.74
CEA,70.09
BEA,18.04
DDB,97.63
EDE,66.61
ADA,28.79
DED,13.6
ABA,62.43
CBE,64.73
DCA,95.05
ADE,94.38
ACD,48.82
DDD,19.75
ABC,99.03
CCA,47.06
EBD,73.23
BDE,34.77
ADD,91.56
CDE,15.51
DDE,88.76
ADD,14.11
DCE,63.51
CDB,18.96
DDC,19.31
CAC,93.92
EDE,58.59
BCA,81.72
CCD,52.34
EEA,90.66
DAE,54.91
ABD,54.56
CCE,83.95
BDD,22.98
DEE,41.82
AAD,30.27
EBC,60.24
DDA,76.23
EBA,92.89
CDA,11.52
CAC,66.39
BBC,70.46
DCB,89.01
CAA,55.39
EEA,19.31
DAA,74.22
BBE,86.79
BCA,86.43
DBB,94.24
ADD,85.29
CED,49.87
EBE,67.28
ABB,21.18
ABB,26.8
BBB,57.43
CCD,22.65
CAC,45.5
BDD,68.08
ADD,83.73
DCE,83.96
CEE,85.96
AAB,24.4
CBC,42.92
BDB,22.31
DBD,28.3
AEC,36.69
ADA,38.72
CDC,20.34
BBE,44.77
AAB,24.94
ACE,79.77
ACD,85.98
ACB,52.68
BDD,24.15
ABB,58.51
BCA,14.71
EED,54.8
DBD,97.48
DAB,94.04
EDA,38.08
CAC,26.33
ACD,89.37
ACB,82.69
CCC,30.7
DBB,98.06
CBC,52.34
CCD,56.41
DEA,64.43
DCB,94.28
AEB,92.19
CCA,68.04
AEA,14.89
DCB,96.03
DAB,87.94
CEA,67.16
BDE,97.23
ABA,19.37
ECC,86.82
AAC,70.89
ECC,88.49
CAA,98.69
DAE,50.27
EAD,91.0
EDA,84.17
DAA,65.35
AAB,63.5
ECB,37.39
BED,52.9
CEC,71.23
AAE,47.19
AAC,14.83
EAC,54.82
AAC,46.77
EEB,60.82
CDC,68.37
ADB,46.79
ABC,66.89
CCE,86.09
CEB,23.45
ECB,17.46
ABD,28.7
AAC,29.13
BDD,32.76
ABE,84.14
BDE,79.23
EED,48.86
DCE,43.31
AED,51.71
EDD,17.73
DEA,66.97
ABE,14.71
AAC,30.21
DDD,97.23
EEC,37.8
DEB,17.4
EDD,69.02
EAA,92.28
AED,46.03
BBE,32.26
CAB,33.92
EDE,40.59
CAB,86.86
EAD,94.63
BAC,54.34
CEB,34.28
DEA,35.15
DCC,95.47
CDB,74.53
BBE,29.55
CAA,51.03
CCA,11.17
ABB,67.12
EEE,81.15
EDB,27.14
CEA,94.8
CCC,64.42
DAE,70.64
EBD,93.44
CDD,62.45
DBA,18.34
AAB,19.51
DDD,65.72
ECC,36.68
DBD,58.12
DBC,54.71
BDD,17.51
CBA,43.99
DBB,85.46
EEE,19.99
CEA,41.94
CAE,46.47
DEE,40.41
EDD,28.75
ABB,96.94
BAD,15.34
AAD,11.65
BAA,96.77
CCC,49.73
CEB,48.76
CED,59.53
DAC,40.17
CEA,56.23
CBD,85.6
CED,27.72
ABE,19.73
EEB,27.71
BBA,71.28
EAB,16.42
ECE,94.78
AAA,93.43
DEB,81.89
CEC,96.63
DAE,49.37
CCE,62.63
DCD,75.2
BED,70.99
AAA,31.44
AAA,55.41
EBB,84.07
DDE,73.72
AED,22.84
BBC,77.91
CBE,56.86
CAC,96.77
ECC,62.45
BAA,23.34
CAD,54.93
BBD,93.02
AED,62.52
DEB,85.46
AEC,51.72
CEA,17.94
BCA,50.13
ABE,21.94
ECC,19.99
AAC,65.02
ADC,29.15
DCB,44.31
BBD,88.2
AAD,61.79
CDA,30.15
AAC,51.45
ADD,80.83
EBB,57.45
ABC,22.51
ECC,82.55
BBD,53.48
CCE,16.93
CDB,32.75
EBC,53.54
CDB,28.15
BCC,25.09
DDC,42.56
DBD,42.42
ADE,10.85
CCB,91.09
BAE,98.99
DAB,92.81
DBD,55.95
EEC,26.08
EDE,15.37
ABA,13.03
BCA,20.68
EBE,17.96
DAD,69.69
DAC,56.27
BEC,52.95
ECB,67.92
BAD,48.59
EDA,17.69
BCD,56.16
BDA,70.31
AAA,70.48
EBA,64.17
ABC,33.58
DAE,57.7
CEE,70.42
CDB,30.54
CEC,81.13
BBA,86.91
BDC,60.11
AAC,92.16
ABD,79.1
EAA,31.32
EDC,70.78
CBA,35.98
ADD,41.04
DBE,84.15
CAD,61.6
ABB,35.67
BEB,69.01
DEA,34.69
CED,54.51
BCB,65.32
EBE,80.58
DCE,16.77
DDE,51.32
EAA,92.91
BCA,26.09
CCD,24.27
DAD,90.04
ABD,35.99
BCA,55.03
BBD,85.53
ACA,16.46
CCD,85.36
EDA,74.82
AEA,98.94
BEE,39.96
BDA,42.81
AAE,69.85
BDA,11.52
ABE,83.61
ECE,20.18
CBE,62.59
DDD,39.22
ECD,60.77
BED,55.89
DBB,70.77
EAA,36.66
DAC,10.98
EDD,92.75
EAD,52.21
ACB,88.13
CBB,25.85
CCA,48.24
DCD,74.66
CEC,49.14
CCE,99.48
ABC,32.63
DBA,62.49
ABA,52.33
CCD,59.12
DBD,93.92
BBD,76.89
DCC,82.38
CDE,77.07
DAB,84.66
DEA,50.53
ACB,29.07
BAA,96.98
EBD,20.77
EBB,45.05
BCC,96.8
DDA,19.73
CED,94.13
DCB,48.32
EBD,97.66
DCB,84.25
EEE,63.41
CCA,21.66
ACC,66.4
AED,84.04
EBC,57.89
ADD,48.62
EEC,56.71
BDC,93.69
AEB,32.05
DDB,38.03
CAA,25.18
AED,92.07
BAC,19.45
CEB,13.19
DBE,58.75
DBB,97.5
BEA,61.71
EEC,43.76
ABC,79.2
ADD,75.78
ACC,13.61
CEA,11.72
AEE,81.76
CBC,33.52
DBE,90.18
CDD,69.88
ACA,92.7
ADA,83.58
BBC,49.78
EDC,63.17
ACE,27.51
EDA,76.18
EEE,73.8
EBA,95.0
DCC,83.64
ADC,36.34
CBD,86.82
ACE,76.07
EAD,54.55
DEC,47.06
CEB,56.16
ABD,89.76
ACA,60.84
DDB,83.63
EBA,59.71
CBC,60.54
CAD,83.08
BCB,82.13
EAE,33.12
BAB,53.42
ACE,43.66
AAD,33.33
DDD,18.66
CAE,54.63
EAE,81.48
CBA,94.0
EDC,27.54
EDA,18.83
BCB,87.37
BAA,17.96
DED,84.29
BAE,39.31
AAD,85.67
EDC,93.94
DDD,85.36
BBD,43.45
AAB,82.49
BAB,25.08
CCB,56.24
DDD,80.49
ACC,36.29
CED,84.48
CAA,62.4
ACC,13.68
EAB,75.55
ADD,71.18
EAE,84.84
DCB,96.13
ABA,30.41
CBD,15.0
DBD,75.92
EBC,33.78
DAA,36.62
AAC,40.29
CED,14.76
DDD,28.32
AAD,55.55
EBB,93.94
BDC,61.53
ACE,51.73
DAB,19.36
AAC,32.48
DDC,25.66
BAE,86.58
DDC,23.13
BBE,66.63
EBE,98.51
BBE,81.52
AEA,84.29
CED,18.59
EED,78.31
BCE,99.47
EAD,63.85
ABA,33.28
BAC,79.55
ABE,85.19
ADC,85.15
EEB,77.3
EAE,98.93
DEA,83.93
ADC,65.26
CCA,78.85
DDC,67.62
ADB,96.44
DCC,41.02
AAB,19.08
EAC,29.87
AAD,15.53
CDB,21.94
EEC,43.18
EDA,78.24
BBA,32.41
ABB,38.24
DDB,32.56
EED,67.27
AEC,38.15
ACC,68.18
DAB,56.6
ABC,79.73
AEB,16.11
CAB,35.15
ACA,83.8
DEB,74.91
CAE,11.27
BBB,16.33
CCD,11.41
ADA,95.01
DCD,48.93
BBB,61.07
DDA,23.23
EED,26.12
EEB,81.71
EDC,15.97
ADC,74.25
ECC,13.64
DBB,29.96
BAD,39.87
DAC,87.77
AED,22.99
ADA,78.3
BEC,80.8
BEE,38.43
CEA,51.08
CAA,48.66
DCD,67.17
ADA,26.87
AEB,37.69
BBE,47.11
BCC,44.18
BBC,85.24
AAA,37.31
DCB,75.9
AEC,48.27
DED,28.28
CAD,56.04
AEB,22.43
CBC,45.22
BBE,62.55
EBB,56.22
EBB,78.9
AEA,45.42
AED,94.13
ADA,49.47
EAA,55.27
ECC,88.67
BAD,55.11
BBC,72.92
CAE,92.0
EBD,98.26
DBB,39.17
ABB,95.99
EDC,34.97
AAB,29.63
AEC,78.46
BEE,35.14
CDB,39.8
DEB,49.94
CEE,37.71
DAC,83.91
BBA,33.28
ADA,24.62
CBE,56.46
ECA,68.62
CEA,41.02
CBC,17.18
BDE,44.64
BCA,68.62
DBE,35.73
BAC,79.42
CAD,72.79
ACB,36.83
BDC,50.67
BAB,96.28
CBC,11.9
DBA,99.93
ADE,61.68
BAC,56.13
DAC,20.19
CEB,49.71
ACB,54.4
CAA,35.03
EED,66.51
DCD,75.94
CCD,84.47
BEE,61.37
CAD,16.8
AEB,34.89
DAB,68.99
EEE,95.35
BED,66.32
ADE,51.23
BAE,24.87
BDA,49.6
CDA,67.55
CCA,33.15
CCA,30.47
BAC,98.0
ACE,64.16
BED,52.16
ABA,93.76
ECA,82.99
ECC,13.61
CBB,92.83
EEC,85.05
CCA,76.71
ADD,74.35
CBB,68.32
AAD,89.7
DCB,46.32
DCA,48.23
ABB,32.53
EAB,82.93
CDD,71.06
BBA,27.28
CBD,87.84
BBA,90.13
CEB,66.73
DEB,70.25
DDC,42.07
BEB,53.24
CAC,18.03
DEE,92.54
BBA,19.3
CDC,31.77
EDD,83.02
AAA,82.18
DEE,16.04
DED,98.67
CAB,93.3
BED,64.77
CCB,18.99
ACB,22.56
DAA,49.06
CEA,91.24
BEE,21.14
EAD,72.29
ADD,80.46
BAA,74.33
DEB,79.09
EDC,29.65
BAA,38.41
ADB,58.48
ECB,80.81
EBD,40.74
AAB,64.11
BAC,80.75
DDB,80.53
EBD,30.49
EAC,66.58
DED,90.63
ACA,58.42
CDE,98.86
DCC,69.01
CAE,28.88
BDA,12.65
BEA,93.74
ECC,17.38
DBB,40.9
EEB,12.49
CDB,15.28
ABC,19.35
CCC,31.76
DBD,90.99
EBE,44.62
DDA,18.63
BDE,62.37
ECB,72.29
BDC,68.26
BBC,64.64
EBC,37.67
EDB,31.44
ECE,43.57
CCA,33.76
EEB,68.49
CCC,71.56
ABC,33.53
DDE,92.68
AEB,86.88
EBD,42.85
ABC,31.44
CDC,69.21
CBD,54.37
EDE,57.3
DAA,17.34
DEC,42.43
EBD,68.94
DDA,64.97
BBA,79.78
BAC,86.78
BBE,90.13
ABB,39.57
CBA,72.41
AEE,17.21
ABC,39.76
ADD,72.79
ACE,67.54
EDD,22.01
DAE,49.31
DCA,67.96
DEA,83.44
EEC,78.12
ABD,84.11
CAE,12.75
DDE,65.93
EBA,98.64
ABE,42.68
EAA,84.57
DCE,50.62
ECD,27.07
ACD,93.38
ADE,69.71
BCE,50.95
CCD,83.24
DCB,81.28
BEA,47.07
BAC,27.73
BCD,87.75
CDD,59.11
ACE,66.15
EEB,62.8
EAD,92.74
EDC,69.22
AAA,62.25
BEE,29.79
DEB,50.54
DAA,87.23
DEB,84.43
ACE,47.09
DEB,70.28
ABE,35.14
ACB,54.75
DAE,61.67
CCE,58.5
EBE,38.37
CED,86.24
ABE,97.68
EBC,75.61
DDD,88.86
ACA,16.28
ADC,79.37
DDD,50.6
EDB,77.43
EBE,19.22
ACA,72.67
DCC,80.15
ECE,78.7
DCE,24.53
CBB,76.83
DCC,70.7
EAC,40.5
ADE,46.65
AAE,68.36
EAA,88.89
BAC,88.77
DDB,33.66
DED,83.3
CEC,56.34
DEC,10.09
DAD,73.82
CED,18.06
EBE,70.49
DEA,69.0
DDB,70.95
CBE,34.54
EBA,19.82
EEC,68.3
ACD,82.88
AEB,24.67
EAB,11.13
DEE,50.12
DBB,20.88
DCA,63.12
DED,65.77
CDD,97.0
BDB,42.86
CBB,28.17
AEC,33.42
DCE,43.26
ADB,44.71
ECD,74.49
ADA,38.6
BDC,99.55
CCA,44.57
EEC,85.76
EAC,99.86
BAB,23.07
BAB,12.15
EBB,25.18
DAB,95.45
DAA,83.89
BEB,21.74
EAA,89.51
BAC,98.73
BAB,31.88
ABA,54.75
ADC,65.67
ABA,16.68
CDD,56.67
BAD,57.7
BBB,43.61
DBA,18.8
BBD,13.37
BAB,24.6
BCA,85.32
ACC,12.23
DDB,59.08
AAE,75.16
ADA,73.03
CBA,62.13
BBE,41.81
AAE,99.02
BBE,86.02
ADE,80.73
DDE,94.96
DAA,69.18
BBA,68.51
AEA,79.53
CCC,45.74
BEA,72.52
AEA,24.33
BDC,41.2
CED,37.92
AAE,30.07
ABC,62.96
AEB,61.25
ECB,14.25
DAC,29.09
ECD,28.83
ADC,41.08
ACB,85.74
ACB,73.04
CCB,16.96
EBD,43.58
BAE,11.39
EBE,34.78
BBA,72.09
DAD,77.16
CBE,49.56
DBC,65.73
BEB,30.99
ADB,69.93
BCB,54.86
DCB,44.44
DEA,32.81
BDB,10.84
CBB,22.01
ABD,41.8
AAE,18.03
CBB,78.6
BAE,90.26
DBB,37.91
EDC,60.74
DEB,76.7
ACA,24.41
AEE,10.61
DDE,69.21
CDA,24.36
BCB,71.39
ACE,49.21
DCB,43.21
EAB,43.53
ADC,20.06
BAC,37.71
AED,44.01
ADD,46.1
ADE,28.42
CAC,10.68
EED,70.93
DDE,12.9
AAE,17.63
BBE,47.18
EED,86.35
BAD,81.99
AED,12.97
CDB,90.09
DAD,12.68
AEA,71.05
CDC,40.01
DCB,94.98
ECE,17.56
ACB,41.21
BDA,97.57
CBC,38.44
EAE,94.21
BDA,38.5
ACB,51.85
EDB,55.7
CEB,39.26
EBB,38.01
DDC,78.97
DDE,65.25
DED,39.89
EEB,83.74
DDA,64.38
ACB,25.7
CAB,29.92
BDB,67.98
EED,94.3
DAC,62.97
DBE,80.35
BAB,90.28
DEE,34.27
BDC,32.76
BEE,58.66
EEE,42.69
BCA,19.04
DCB,65.36
CDA,69.99
EDB,17.62
BDE,65.91
ACC,62.7
ECD,80.25
DBB,46.67
EBA,70.71
CCB,69.12
DAB,61.62
CBB,41.21
BBC,45.06
DBA,10.95
AEB,47.92
ACA,17.25
ADE,98.0
BEB,13.7
ADE,35.17
EDA,75.11
ACA,37.51
DBA,19.56
BEA,21.26
CAE,32.23
EBA,72.37
ACA,29.99
CBC,99.85
CDA,12.83
AEE,12.36
DAC,47.64
CBD,17.24
DAC,71.8
EED,89.76
CAC,32.16
DED,48.41
ABE,77.07
CCC,51.97
ABB,68.44
BCD,48.24
CAB,93.09
DED,84.69
EBE,46.85
BAD,58.63
BCC,73.25
AEC,78.8
BDC,55.78
EDD,62.28
EBB,77.44
CCD,10.09
DBA,71.26
BAE,53.19
CDC,68.03
ACE,25.8
EEA,40.75
ABC,33.22
ABA,20.33
ACD,84.23
CAD,76.18
BCA,87.78
DBD,38.64
CCA,93.81
AEB,32.65
CAC,68.67
CCE,27.87
CBA,58.74
BEA,49.41
EEA,90.4
AAC,76.68
DBA,37.98
ABB,86.14
CCC,56.49
BCA,95.13
CED,15.33
CAC,27.62
CDC,51.14
CCC,96.11
DBE,56.86
DDB,55.92
BEE,76.62
CBA,68.25
CCA,31.68
ACC,99.63
AAE,63.25
EBD,93.2
CCD,42.87
BBC,31.57
CDD,83.1
EEA,98.55
ADC,10.12
CBD,19.82
ACA,65.72
DBE,39.7
DBB,53.67
BDD,66.74
BEB,74.8
CDE,82.51
ABA,57.73
ABB,50.59
DAD,28.29
BAD,44.22
ADE,82.1
EBB,80.55
EEB,57.06
CBD,85.15
EEA,41.08
DAA,86.8
DCB,86.54
EDB,92.85
AAA,38.11
CAB,60.8
ACD,86.49
CCD,56.7
CDE,15.14
AEC,90.08
EAC,50.47
DDA,36.02
DAC,71.86
AEB,82.09
CCD,24.91
EDC,42.19
BEB,32.72
AEC,17.16
ECC,33.84
EAE,88.98
ADE,49.82
EEA,21.28
EEC,73.97
ECB,25.37
EBA,51.83
CDA,16.18
BEB,49.61
BAA,65.66
CCC,92.05
ABD,61.53
AED,71.12
DEB,25.18
CDD,65.07
ABB,51.49
BBD,73.03
CCB,13.53
EBB,36.4
BDD,87.18
DDC,79.51
BEC,57.19
CCD,14.85
ACD,64.09
CED,79.58
CDB,77.59
BEB,51.02
BDD,89.23
DAA,32.3
CDC,22.04
BCD,37.06
ACD,96.2
EBA,75.22
DDC,45.07
DDA,25.39
CAC,68.71
DDE,82.07
EEC,43.91
BEE,23.9
EAE,84.12
BAE,93.33
ACB,55.99
CDE,23.55
EEE,78.47
EBA,49.01
ADD,46.81
DDA,60.39
DDB,48.78
ADD,33.64
BDD,57.07
AAC,54.21
BED,56.97
CDA,37.45
DEC,54.15
EEA,28.27
CBA,86.74
EEB,27.34
BDC,35.7
BEA,14.9
AEE,67.34
BEE,96.69
DBA,16.4
CCB,46.02
BAD,31.04
CCC,98.95
EDD,48.49
ECE,18.62
BBA,24.84
ABB,35.81
EAE,29.28
EDC,81.46
BEC,60.07
AAA,80.24
DEB,30.86
EAE,61.89
EAE,48.13
ABB,26.73
BDB,26.56
ECB,56.05
AEE,13.01
BAD,88.13
DDE,63.97
BBA,88.88
AEB,41.16
BEE,51.73
ECD,64.19
ECB,69.26
AEE,63.82
EAA,12.04
CED,74.73
ADD,50.16
BCC,31.15
CDB,39.65
DCC,60.46
DDC,60.42
DBA,12.77
BCA,37.94
DDA,33.66
ADA,53.82
BED,96.83
CCD,78.15
DAC,33.56
BAA,76.01
BDC,73.77
CAE,95.39
DCB,92.22
BEC,54.2
BDC,77.84
DCD,62.98
CBD,56.85
CCD,26.26
DEA,30.48
ADA,51.55
CCD,62.22
ECD,43.99
BDD,96.69
BDC,84.26
ACA,53.08
ACC,80.53
EEE,96.88
ECA,33.93
ABD,16.62
EDA,51.28
CAA,92.43
ADC,61.57
BBA,87.56
BCC,11.83
CAE,23.78
CAA,73.0
CDE,58.74
EDA,53.0
EDD,94.75
DBD,12.21
EEB,79.33
ACB,25.14
DCA,65.81
BCB,18.76
EDC,70.66
ABE,64.02
CCD,39.42
EDA,55.77
AAC,49.7
EEA,55.05
CBE,84.02
DEE,73.72
DBD,77.13
CEB,13.14
EAB,38.14
BAD,66.81
CBC,18.53
AAD,11.48
BEC,75.47
CDD,19.26
DDE,59.24
BBD,44.2
CAA,18.48
EAB,79.71
ADA,85.36
BDB,98.01
DBA,75.54
AAC,27.2
BEA,62.27
CAE,92.47
BAC,20.86
EBD,60.03
BCA,62.74
CBE,82.77
DDD,49.93
BBE,20.29
BAC,20.46
BCA,18.79
BDB,29.4
BDD,52.86
EBD,15.26
CDD,46.25
CDA,94.88
DDC,34.12
EDC,91.94
CAB,36.33
BBB,49.69
BCC,10.03
AEC,56.15
BCC,48.88
DEE,15.89
BEA,87.56
CCC,79.26
AEB,50.85
CBE,57.59
ABD,31.26
ACD,75.97
EDA,11.54
DDD,17.72
CCD,83.61
DEA,38.7
BAA,10.89
ECC,78.54
DAB,10.93
ECE,40.08
CBE,48.98
BBE,35.3
AEB,52.1
DED,63.53
ABE,51.8
ACE,47.63
EDE,85.55
CEC,48.29
AEA,63.21
CCA,92.69
DBD,28.49
AEB,94.58
DEB,33.58
CBA,62.05
AAE,40.58
ECD,58.74
BBB,35.67
BBC,43.6
BDD,90.62
CDC,60.28
EBA,24.59
EDA,81.04
CDB,21.81
EEA,96.14
CBE,23.87
ABB,76.87
EDB,22.67
ACB,22.77
EAC,53.41
ADE,41.27
ECB,94.8
AAA,50.12
DEE,18.79
DBD,41.12
AEC,32.7
CDE,53.44
ABB,52.16
CED,72.57
BBC,17.42
ACC,32.5
AEC,82.55
CCD,10.26
CCB,92.07
ECB,28.5
BDA,96.16
EED,68.64
ABA,81.53
BAE,13.21
DAD,54.21
DEE,44.5
CEB,76.43
CAD,23.49
EEE,45.3
CED,66.66
EBB,29.54
DEE,49.22
BED,63.47
DEC,51.99
BBC,66.52
DDA,27.91
EEA,41.69
DCC,34.3
AAE,29.32
DBD,42.64
ACD,49.59
BAA,40.58
ACC,41.03
EBE,92.01
ADE,86.23
AEC,77.62
CAD,45.79
BBC,37.56
CCC,70.49
CCD,34.27
AAB,50.02
ADB,49.0
BED,57.22
EDC,29.61
BCA,52.58
DDA,65.77
EDE,19.08
EDB,73.83
DDA,90.73
DCD,92.0
CAA,93.27
CED,60.6
BEB,32.4
AEA,68.23
DCD,33.94
EDA,38.21
ACA,80.2
CBE,48.38
DCE,98.94
AEA,87.48
BCA,35.63
CCD,97.72
DEB,32.84
AAE,89.85
CBB,11.56
AAD,48.14
EDC,71.75
BEB,48.03
BCB,79.11
ACE,50.58
BAE,78.24
EED,22.8
BBA,29.69
EAE,85.59
EEA,28.71
ACD,38.43
ADA,60.7
CCE,11.94
ACC,47.43
ABA,97.4
DDA,82.42
BCD,43.35
CBC,42.08
BCD,30.51
ECB,47.17
AAC,23.28
BEB,12.67
BAE,95.68
ACE,54.51
CCD,56.72
EAC,73.19
DDD,62.68
EDE,73.48
CED,10.58
BDD,33.44
EBA,43.15
DAA,59.32
BAC,25.33
AEC,60.54
CDC,43.21
BCA,85.24
DDC,79.01
EEB,14.38
EEB,17.93
EBA,37.67
DBC,55.79
CBE,70.67
ACB,85.65
CEC,30.04
DCA,35.63
CAD,34.37
ECC,20.98
ACD,30.14
DAC,54.11
CEA,52.2
CAE,32.86
BDE,84.16
ADD,59.2
CAB,22.73
BEB,34.16
EBA,98.78
BCC,36.79
DCA,21.86
AEE,47.68
ECE,29.6
ECB,20.66
DBA,21.28
ABD,83.16
DED,95.02
CDA,24.16
CEA,93.95
DAE,62.51
BDD,39.16
BCE,55.7
DAE,87.95
EAE,33.7
AAC,35.09
BDD,10.61
CDB,55.9
BEB,69.53
DEA,87.17
DEE,36.56
AAD,42.16
EDB,51.11
BDB,99.8
EEC,90.15
CAC,12.57
AEA,86.44
BCE,67.59
CAB,31.7
BDD,17.0
ACC,90.53
AEA,85.65
BEA,63.85
BBC,90.11
CDC,66.88
AEA,57.71
CCA,63.51
DAE,60.62
EEC,51.35
BEE,74.49
DCE,11.93
AAB,49.74
CAA,86.1
BAD,45.5
DDC,55.97
EAB,61.87
ADA,13.17
CEB,53.52
DDA,70.63
AAD,28.18
CCE,29.75
BCE,85.85
EDC,14.15
ADB,31.25
DED,95.21
CDE,27.47
ACA,87.05
DDA,49.5
BAA,42.37
BCA,72.34
ECE,63.83
DED,11.22
EBC,20.75
BBB,30.04
EED,22.34
BBE,92.45
EEB,61.98
EBA,65.76
CCE,40.64
EAC,36.88
DEB,55.45
BEA,77.98
DEE,37.77
DAB,89.19
EDA,78.75
BCC,77.34
EAE,89.8
DCB,85.73
CAC,28.46
CCA,22.15
ABA,54.59
DED,86.09
AAD,99.84
BCB,90.28
DCE,86.78
ECD,34.36
BBD,42.78
CDA,50.77
ECD,26.34
ACB,68.04
ECB,48.7
BAC,23.21
ABE,48.12
EDE,93.4
BBB,94.79
DCC,88.0
ECD,10.49
ADE,11.72
ACD,62.06
BEC,53.73
EEB,37.03
BAD,32.53
BAA,73.7
CEB,73.65
AAE,99.82
AAD,83.25
CBC,66.62
BBA,84.31
ABC,74.01
AAB,41.08
CBB,16.77
ADC,24.13
AEA,14.56
DBC,39.13
DEC,39.23
BDD,90.13
BEB,62.67
DAD,58.69
EDC,17.83
ADA,65.6
CEB,64.35
CED,64.73
EAE,96.67
BBB,47.86
ADD,29.07
EBB,62.73
DBA,17.08
DDB,79.21
BEE,61.32
BBC,73.26
BCC,44.07
DDC,98.68
EBD,47.97
CCB,87.03
BBE,72.52
DBC,66.47
BBB,43.41
EED,56.52
DEB,21.11
CDD,58.62
DEC,74.87
ADD,35.79
EBA,93.1
DCC,15.54
ADA,99.26
DEA,42.74
CCE,60.4
DAC,80.48
CEB,25.71
EEA,39.9
EBA,68.14
ECD,23.61
BEE,13.12
EAE,28.39
DEA,22.04
ACC,78.29
EDE,94.03
AEE,99.51
ADC,13.32
DAC,51.26
DDE,81.82
CDD,19.9
BCE,49.19
ECE,19.81
CEB,84.75
DDC,82.18
ABA,65.31
ABC,88.44
CBE,52.29
AED,61.35
AEB,11.88
ADE,46.88
CDB,44.07
ADA,23.96
BCC,10.95
BEE,58.64
BBA,68.97
ACB,88.26
EED,46.48
BEE,80.88
BCD,11.03
AAB,91.5
ECE,32.26
DDD,21.44
EAE,12.51
AAC,47.77
DCC,90.49
CDB,37.15
CAB,74.38
BDB,73.92
ACC,74.17
EEB,74.42
EDB,90.29
BCE,52.33
CCE,80.13
ABD,27.46
CEA,48.31
EEA,42.38
CAA,48.64
ACC,94.69
ECA,47.28
BAE,59.56
ACE,62.32
EAA,56.23
DDE,86.5
BBE,78.93
AEE,48.71
DCD,58.05
DAA,49.93
DEC,27.65
BBC,60.8
DDB,20.47
EAC,34.43
EDE,90.68
BED,90.14
DDD,32.13
ACE,25.38
EAD,41.04
ADD,67.99
ACA,37.57
BAE,42.08
DAB,87.29
BEC,78.91
DBE,37.56
EBC,71.23
CDD,83.6
DEC,78.83
BDC,65.15
BCB,35.43
CEB,40.38
BCC,24.8
EEC,96.75
BEA,64.2
ABA,41.66
CDC,92.27
ECD,66.46
BAC,22.08
ADA,20.13
BBC,28.86
CAA,34.96
DBE,68.51
EEB,28.52
ADD,49.6
BCC,73.04
DCB,58.94
CCA,35.66
BDA,91.6
AAB,23.76
EBD,97.64
ECE,70.54
DCE,50.51
CCB,99.54
BAB,33.37
BEA,67.74
DCD,83.35
BEC,43.89
DCD,30.7
AEC,32.15
AEC,55.86
EEE,31.01
EDB,58.48
DDC,36.61
BCB,58.03
CAD,66.24
DCD,69.38
BDA,87.53
CBB,84.64
DDD,21.02
CDB,14.97
DAA,28.28
DAE,36.38
CEB,56.86
CDE,13.33
AEE,68.19
ABC,67.68
CBC,30.21
DEB,49.05
AEB,89.05
AED,13.42
DCB,17.37
CBB,81.75
EDD,90.81
CAA,48.36
EBD,53.75
EDC,25.53
CEA,55.67
EEA,42.57
CDC,75.18
DCC,92.25
ECD,43.06
EEE,81.75
EBE,80.21
CEA,98.26
ADC,40.06
DDD,10.26
BEA,17.89
DBD,79.61
BBE,18.13
BAD,92.76
DDE,46.18
DBD,32.87
EDD,48.31
DAD,49.08
BBE,43.59
CAA,97.41
ADE,62.06
ACB,12.98
CBA,75.35
ECE,33.62
DDB,72.7
ECC,92.87
DCE,33.93
EEE,98.08
ADA,13.22
BDA,37.66
ACA,21.43
CDB,40.19
EDB,62.63
ADE,15.14
CBA,39.78
BEB,63.81
CDA,42.42
CEB,28.78
DBB,13.43
AED,49.69
EBA,49.09
DBE,13.81
ECC,29.87
DAA,74.14
EBC,52.52
ACA,75.95
BDD,26.6
BAE,84.9
ECA,55.01
CEB,35.39
BEE,55.44
ABC,33.75
ECD,49.24
BDB,14.79
DDB,18.9
EBB,73.76
BCE,65.38
CCA,31.66
ADA,59.03
AEC,46.68
DDD,90.27
DAB,69.67
ABC,81.27
EBB,48.36
ADD,56.27
CAE,69.08
DED,44.6
DDB,14.68
CAE,85.65
BDA,30.84
DDD,43.98
BEB,66.03
CAD,80.47
EBB,55.27
CBE,47.58
CDA,31.96
BCB,28.81
BBA,83.98
BBC,42.24
ACD,35.76
CCB,17.67
EBA,58.72
EBA,33.75
CDB,25.44
DCE,27.89
CDC,69.69
CDD,46.84
ADC,44.61
DAE,31.63
ADA,44.42
EAB,19.17
BDE,58.96
DDE,67.78
AAA,79.91
EEB,89.65
EBD,52.52
EEA,29.83
ACC,20.3
BCD,55.33
DDA,48.95
CDB,28.83
BAD,12.45
AEB,83.14
DAE,47.58
BBA,55.42
EAA,80.43
BBD,28.49
DBB,48.62
CCA,86.88
DBC,26.41
ADC,32.26
CBB,10.98
CCA,90.98
EEB,90.81
BCD,23.17
EEA,12.28
ECC,87.94
EDA,97.68
EBC,61.83
ADA,77.64
BEB,77.99
EAA,72.06
BCD,38.72
EEE,72.8
EBA,22.98
CCE,42.59
CBD,44.79
BEA,65.25
EDB,44.56
DEE,63.4
DCB,86.99
AAA,14.82
DBC,67.04
CED,77.2
CBD,60.34
ABE,81.97
DCC,88.05
BBC,99.23
CBC,44.47
DBE,19.87
ECA,30.84
CAE,82.13
BDD,89.3
DBC,81.82
CBB,88.87
EBB,18.02
BDC,68.49
CAD,14.34
ADD,50.14
EBD,95.96
DCA,90.35
ACB,30.87
DDB,40.61
EAA,94.64
AEE,28.68
CAB,78.01
DBD,62.9
EBA,37.95
DCB,25.13
BDE,64.5
CEC,17.06
DCA,50.36
ACE,54.76
BEC,28.35
CBD,12.23
CAE,52.52
CAD,34.94
BDE,45.76
BCD,12.25
AEE,44.26
EDA,90.66
ABD,52.82
CCD,28.98
BAB,63.14
AEB,85.11
BEA,59.76
ECD,94.36
ADD,62.11
BDA,37.12
BDE,42.56
CBE,15.03
DDE,43.86
ABE,46.41
AAE,78.43
BDB,68.83
DAB,55.92
ECA,41.33
CEB,42.64
BAB,50.89
BEE,33.55
ABA,63.71
ADD,78.32
DEB,23.52
BDE,59.67
CBA,31.93
DEE,16.51
ABE,48.91
AEC,86.15
BCA,31.39
CAD,93.6
ABD,85.91
BEB,47.91
DDB,77.48
ECE,55.57
EDC,68.64
CCD,14.21
ECD,83.19
ABB,48.39
EBE,65.99
EDC,63.94
CDA,96.05
CCD,74.89
ABA,35.18
ACA,66.37
ACD,27.0
CAB,17.33
DAE,39.2
DCB,62.34
ABE,76.2
ACE,40.94
CCB,71.2
ACC,18.21
BAC,40.81
BDA,13.64
AED,20.92
AAA,83.9
CCC,14.66
EAA,50.73
EDE,61.67
DDE,69.48
DBA,77.25
ADD,24.9
DAD,36.86
CBC,59.15
BAE,56.86
EEA,51.74
AEC,77.89
ACB,59.63
BBA,75.57
ADB,20.95
EBB,16.28
AAE,32.52
ACA,14.79
DDC,28.38
CEC,86.77
BAB,78.14
BAD,84.09
EDC,95.36
CCA,38.78
BDC,81.28
BEA,12.69
ACE,32.43
EDD,94.89
CDA,56.78
CDC,57.43
DBA,34.49
EDB,88.53
EDB,23.07
EDA,75.48
DEC,70.86
BEB,78.79
BAA,56.38
AAD,58.28
CDE,42.49
ACB,25.98
EBB,41.67
ABE,48.3
AEE,10.75
EAD,13.66
AAB,92.69
AAB,42.17
DCB,10.14
EBC,20.5
DBD,78.48
DAE,96.93
BDE,89.82
BCA,91.91
BAC,20.02
AAA,25.56
EEE,27.0
BEA,89.13
BEA,69.41
CBA,98.3
ADE,12.2
DDE,77.72
CDD,31.05
BCB,23.94
EAE,99.29
DEE,62.66
CCA,59.14
CBC,45.7
CBE,43.53
BDC,25.79
EEE,45.37
BAA,39.68
EDE,46.37
CAC,14.06
BAA,67.01
CEB,32.63
BAB,20.82
ACD,41.29
BDD,34.69
DCA,84.07
DCD,75.87
CBB,24.64
EBD,82.86
EDD,69.15
BDA,38.65
CEB,26.8
AEB,89.07
EAD,71.9
EAD,98.07
DEA,78.47
BDB,35.12
CEA,19.61
BEC,10.11
BDB,19.79
ADE,57.52
DBA,28.95
EBD,44.36
EEC,25.94
EEB,79.91
AAC,54.21
DED,13.77
ADA,94.86
EBE,73.43
ADE,59.74
BAB,48.15
EDC,42.14
EDA,96.52
CDB,83.86
DAD,45.05
CDE,74.67
CEE,32.36
DBD,94.08
ECB,74.02
ECA,96.58
BDD,64.04
DEB,64.11
EDD,15.85
DCB,48.71
CCA,58.87
DAD,24.22
BDA,50.65
ADE,73.82
CBD,60.13
BDC,43.01
CBB,99.99
BDB,37.84
BEA,31.14
DEC,45.92
ABB,21.48
AEA,94.85
CEB,89.3
EEE,71.16
CDE,92.37
DBB,61.79
BAE,78.8
ADB,51.64
BED,39.56
ACD,99.37
CBE,14.78
CEB,77.91
BAC,95.07
CBB,30.1
CBD,56.24
ADA,36.62
ACD,18.66
EDA,85.18
CDD,19.57
DDE,91.14
ABA,39.56
AAB,61.94
AEE,57.79
CAC,51.79
ECC,62.89
DCD,85.73
ACD,90.04
BEE,78.14
DEB,58.39
DCA,55.69
ECE,76.57
CEC,52.44
ABB,79.67
DEA,48.55
ECC,70.12
EBC,55.22
AEE,62.92
DDC,11.86
DAC,76.74
EAB,95.64
CDA,74.1
CBE,41.61
AAB,76.03
DEE,69.01
EDC,90.99
EEC,37.74
ADB,70.5
BAB,88.15
CAA,28.48
DCC,72.46
BCA,79.54
BDC,44.84
ADA,74.17
CEB,53.09
BDE,69.94
BED,38.44
DBD,14.68
CBB,23.08
CEC,90.7
EBE,58.21
CAD,55.76
EAB,75.95
AEB,60.24
CBE,47.78
CBD,78.6
ECE,86.64
BCE,80.29
ADD,36.66
DCC,63.83
DBE,64.72
AEB,80.57
BEA,42.44
BEB,96.75
BEA,99.03
CCA,45.02
BDE,88.93
AAD,12.41
CDD,75.14
CCB,50.1
BCD,51.16
BBA,53.81
ACE,65.97
CAC,32.96
CDA,25.61
ADC,36.83
BEA,64.3
DDE,11.43
CDD,73.0
ACB,89.67
DAD,67.91
BCC,42.42
ACC,35.02
ABB,67.49
BBD,11.03
BDE,29.02
BDA,27.7
CDC,13.69
BCA,16.19
CDB,27.11
BDD,66.95
AAD,61.2
CAB,29.63
DDD,16.82
EAD,14.27
DED,83.37
BDC,87.41
BCD,87.63
CAC,27.76
EEC,73.88
AAE,91.23
BBB,67.82
BBE,82.67
ABC,58.05
BEE,41.29
DAC,55.11
ECB,54.28
CEE,96.29
ABA,75.42
EAE,69.5
ACA,28.21
DAE,83.08
BAA,50.88
EAE,46.38
AEC,28.84
DBD,32.08
CAB,42.24
CDE,44.88
DED,51.05
EBD,78.51
ACC,45.8
BEC,63.23
DAE,79.38
DEB,49.44
BEA,71.52
DDA,35.79
ADD,75.12
AAE,26.5
CCC,67.38
CAD,40.37
DBA,51.1
ACE,40.03
BBE,26.78
ABA,52.76
CEA,53.95
CEC,78.54
DBA,86.61
AED,42.76
ACA,72.68
BAE,70.65
BEB,79.99
DEB,28.59
CEC,59.78
EBD,21.39
BDB,51.37
BAD,42.82
EEA,63.88
CEC,26.55
AAE,43.43
CDD,18.53
EAD,40.26
BEE,28.63
ADA,49.81
DBE,84.37
EAE,97.36
CAE,75.8
CDE,72.65
ACD,99.29
BCE,37.79
ACD,11.24
DCE,11.98
CCB,42.3
CCD,25.28
ADA,61.43
BDD,62.33
DEE,99.51
BBD,94.33
CDC,43.86
DCD,81.68
ADC,78.96
DBC,51.9
BBA,89.19
EEE,59.7
EBD,47.35
ADC,18.19
DAA,70.15
BCA,17.86
ECD,43.52
EAD,19.11
DDA,69.8
CCB,30.29
DEB,92.91
BED,38.86
DDA,75.99
ADC,50.89
DED,56.96
BAD,95.4
EEE,51.45
BBB,42.97
DDA,85.4
EAC,78.0
DDE,65.23
CEB,36.03
CCE,27.19
AEA,21.09
DEE,61.2
CEC,13.2
DBB,39.39
ECC,31.4
EDC,16.63
BBD,97.18
BDC,62.22
BDA,34.22
ADB,41.39
BBB,72.45
BCA,47.14
CBD,17.61
ACD,86.91
ADD,97.01
DAB,30.51
DEA,20.34
BDE,82.54
AEC,23.2
EAE,89.7
EDA,81.34
BDB,62.92
DBC,13.26
BEE,13.82
CDD,51.94
BCE,88.95
ACC,43.87
EBB,47.49
CEA,40.72
ECA,71.11
CAB,37.39
BEA,40.84
CEA,64.07
CCC,69.81
EBE,14.68
EBB,68.88
ACA,62.71
AAE,98.28
ADE,86.28
CCE,28.9
EBC,85.84
EDC,85.72
DAA,72.17
DAB,32.94
EAB,34.99
ABB,50.7
EBB,24.08
EBA,51.02
ACE,79.02
ECE,17.96
BDA,86.22
BDC,53.86
BDE,91.01
DDB,72.29
CEE,79.26
EEC,67.68
ABB,99.13
ADD,96.16
ACD,88.06
CBD,46.34
EBC,60.38
ECC,69.48
EDA,77.22
CBD,40.4
EDA,37.42
DDA,37.8
CCA,10.55
DBB,90.23
BBB,43.07
DEA,19.23
ACA,26.9
ECC,28.55
DBA,30.28
ADE,29.47
EAD,31.37
BAC,97.12
ADC,41.9
EBB,43.91
ACD,66.16
AAD,28.46
CEB,48.15
EEC,51.71
BCE,89.1
ECC,53.93
EDE,41.03
BDD,15.46
EEE,98.75
EEB,63.15
ADE,59.0
CDB,87.22
DCC,75.69
CDD,16.4
CCA,30.37
ABC,67.43
CEE,93.82
CDE,46.31
BCB,88.57
AAA,13.71
DBA,96.4
DAB,24.16
AEE,76.79
BBB,52.75
CCE,98.67
BEE,50.29
AEA,29.54
BEB,87.56
AAC,11.21
DCB,70.48
BEE,29.48
CCD,70.37
EDD,75.31
DBB,71.64
EDE,29.34
EAC,74.77
BBD,84.89
BDB,84.99
CEC,83.42
CEA,43.3
EBA,25.51
DDB,68.61
BAD,80.28
BEA,75.99
DAB,29.9
CAB,89.23
CDE,49.07
DEC,58.9
CCB,83.14
DBA,27.9
AEC,61.03
CDC,68.22
CEA,58.38
ECB,66.0
ADE,52.65
ADC,14.45
BEE,77.04
ACC,45.01
DEE,54.84
ABC,73.58
BDE,66.4
EDC,98.43
DBD,46.5
DDA,81.3
AEA,14.41
ACA,19.32
CCD,98.91
EEE,73.08
DDC,42.07
CCB,36.27
DEA,58.52
ADA,57.93
BCC,13.24
BAA,50.64
EDB,88.01
BCA,12.84
DCA,80.31
CCB,72.06
AAA,82.99
BED,70.65
CDC,25.86
BEA,63.49
AAA,64.56
ACE,54.98
ACA,43.41
DBD,46.86
AEC,48.35
ADE,88.01
EDB,89.45
ECE,15.27
AEA,46.02
DBC,69.4
CDE,94.28
BEE,66.18
CEA,64.35
DBB,20.82
BEE,76.01
BCB,58.18
EAE,33.27
BCC,75.33
CDC,80.76
EAE,93.29
BCC,17.45
ADE,30.7
EBC,95.88
DBE,67.76
DDE,22.55
AAE,82.14
CAB,70.16
BBD,95.74
EAA,15.97
DBE,26.25
DEE,19.26
CBB,30.6
ECE,49.15
ACE,99.12
BAC,16.16
CEB,43.46
BEC,47.85
CAB,58.78
EDD,53.42
BEA,23.34
DCD,26.61
DBE,58.72
EBC,86.03
CEB,16.37
ACE,75.31
BEE,31.97
EDD,71.23
EBB,63.2
BEC,85.22
BEC,74.04
EBE,49.23
BEC,23.76
AAE,97.69
BEA,35.65
CAB,86.45
EAC,22.72
ABB,60.08
ECD,90.31
BDE,87.75
EDB,62.22
CDC,73.64
ECD,72.24
BCE,67.95
ADE,65.57
DAA,93.64
CCA,87.71
BAA,30.66
BAC,77.95
BBE,47.87
BED,42.82
EDC,91.86
BEA,47.33
DCE,56.27
BAB,75.28
BEB,82.17
BCC,61.74
ACB,83.25
CAD,11.42
CCC,86.59
DDB,18.95
DBE,82.63
DAA,91.99
BBE,73.83
DAA,67.23
BAA,13.34
EDE,76.11
DBC,55.48
BEB,42.06
CCD,25.46
BCA,85.81
CEE,62.88
DEE,20.78
DAC,50.37
DBB,19.56
AAA,23.69
DAC,75.3
CEB,45.23
CBE,12.74
BAC,25.15
ECA,91.67
BEC,62.51
BBE,89.06
ACB,50.71
EBA,14.25
DCA,92.48
BBC,81.65
CCA,12.03
EAA,49.09
BAC,76.67
EEE,79.72
DBD,53.91
CEC,67.33
DEC,98.87
AAD,15.71
CCA,63.71
EAE,87.46
DBE,35.43
CDA,15.73
BDC,78.37
CDD,31.13
CAB,54.95
ADB,41.38
CDD,49.67
DCD,33.01
CBB,18.95
CEB,83.6
CDB,93.85
BBD,77.07
CDE,73.46
BAE,66.5
DCB,84.73
EAE,19.12
CCA,44.52
BAB,27.84
EED,60.31
BBC,36.26
CCA,82.64
BAE,10.13
CDC,16.88
EBD,45.28
CAB,31.23
CED,65.8
EBE,33.89
CDD,18.82
ACE,22.27
BAD,25.53
DDA,54.07
ECD,27.64
CDA,83.74
DEB,21.05
BCB,56.23
ADD,70.6
ACA,69.2
DBC,79.39
AAB,10.85
EBE,63.78
DDE,88.87
BBE,75.94
BED,42.32
CED,97.44
ADD,26.63
BAC,25.16
CDB,58.15
CDD,94.32
ACE,53.17
BCD,62.17
BCE,54.16
ABC,81.75
ABE,12.74
BCA,37.1
BEA,58.73
BBD,71.71
CAB,57.95
BDE,59.48
DCC,42.84
ECD,30.29
DDD,78.88
CBC,33.3
DEA,31.7
AAA,98.78
DBB,47.66
ACC,64.26
CCA,81.89
DDD,72.54
EEE,79.28
ADC,61.61
DCD,17.8
BEE,20.47
DAB,25.74
BEC,18.31
CEB,60.71
CEC,42.59
ECB,87.71
AAE,15.2
CBD,29.45
EDE,87.57
EEE,86.76
EDD,43.68
DBB,43.22
CDC,10.02
CDD,81.32
ECC,53.88
AAD,26.45
AEC,38.59
BBB,84.15
AED,45.36
EED,96.24
DBC,56.54
EBD,10.44
BCA,77.55
CAB,50.18
BDC,29.57
DED,63.08
AAE,67.79
CEC,16.96
BDC,70.39
DBE,46.23
DCD,35.76
ECB,90.81
ADE,90.91
BCE,52.38
ABB,71.13
DED,94.75
ACD,77.33
ADE,34.85
ECC,44.95
BBB,46.61
CBC,61.85
DCA,85.62
ABE,14.46
AED,72.43
EAA,76.54
DAD,93.78
CAC,31.88
BEA,23.36
DCD,86.35
DDB,13.85
CAA,14.94
CCE,69.25
CAB,80.93
ADA,98.26
CDA,39.68
ACA,70.17
DDB,87.54
BDE,50.51
AEC,95.69
ECA,40.94
ABA,48.75
AED,77.37
EEA,66.13
BDB,21.48
AEC,79.04
CBD,67.7
CDD,54.37
BEB,19.9
AAA,34.07
EBD,40.59
EAB,32.17
DEE,71.24
EEB,29.53
DBB,12.46
CDB,76.24
DDC,31.9
CDC,45.7
EBB,71.94
BBA,20.63
AAB,82.23
CBA,57.0
BAB,92.36
DAE,16.0
ADA,72.4
DAC,82.54
AAE,59.39
DDA,43.89
EAA,93.23
EAD,19.86
EEE,37.8
CCC,28.26
CEA,18.71
ADA,17.03
AAD,39.12
CDC,33.74
DEC,26.17
AED,26.74
EAA,16.05
ACE,25.84
ABE,94.9
BCE,17.26
CBB,74.04
ADC,41.28
CAA,65.87
CAD,72.73
EAB,46.97
BED,42.89
EEA,87.62
DCE,10.68
AEB,59.42
CBD,90.11
CBB,47.88
CDA,29.27
ECC,15.76
CDB,80.55
DCA,43.72
ECD,82.29
DCE,70.3
EEB,23.43
AAC,17.07
ADD,89.26
EBE,44.76
ECB,75.7
CAA,23.05
EEA,16.15
BAC,59.78
EBD,84.04
DBE,85.49
ECE,92.68
EDE,14.71
ADE,94.16
BCE,69.6
DEC,29.49
BEC,23.32
CED,59.89
ABC,13.12
BDB,46.66
ECD,32.16
CBE,84.15
ACC,43.42
ACA,79.18
EDB,94.15
CEC,83.3
BCD,76.28
ACE,46.33
BEE,36.11
BCD,72.42
BCE,77.76
DBC,29.18
EAC,82.32
AAB,24.71
CBA,59.3
DAE,90.13
BEA,14.57
DAB,44.44
EBD,84.51
DBD,51.75
CBA,73.16
DED,74.5
AEB,40.13
CED,69.59
BEC,80.94
BED,74.51
BAB,84.94
ADE,20.05
ABD,93.34
DDB,28.74
EEC,44.49
EBE,68.44
EAC,35.12
AEE,94.16
BBC,32.73
EAA,21.23
AED,57.83
AEA,20.09
EDC,52.79
ACA,83.66
AAC,25.94
DBB,63.0
BAA,36.33
DEA,46.2
EDB,22.91
ECB,43.6
BAC,14.66
DDE,96.19
BAC,74.78
EEC,23.98
DEC,94.65
BEC,94.19
ABE,54.76
DED,58.95
ACB,78.52
DEC,28.4
AEC,38.68
DDC,97.09
EAE,55.12
DCB,72.57
ABB,71.41
EEA,59.35
AEB,91.12
CEB,32.52
CBB,12.8
CDC,48.06
EED,20.56
EAA,40.98
BCE,29.89
BEC,38.24
CCA,65.84
EAE,99.0
CCD,99.53
CAE,22.92
ADD,89.13
CCE,93.25
ABD,85.54
ACE,44.88
DCE,50.06
CCE,45.11
DED,31.02
CCC,19.53
EDE,37.57
DAE,19.21
BBD,46.98
DAE,79.35
CCB,45.77
CCB,86.0
DAE,95.77
BDB,47.57
CCA,25.79
CEC,10.03
DAE,52.37
EED,45.7
EED,46.83
CBE,60.7
BAD,73.86
DED,62.95
ACE,72.36
DEA,94.1
BDB,50.15
DAB,84.49
AEE,31.59
ABB,20.1
BDB,27.51
BAD,20.8
AAA,35.18
CDA,31.0
BED,56.04
DEC,86.98
DCA,13.8
ABC,71.71
DAC,13.2
BCC,77.28
EDD,93.44
BCC,64.2
BDB,94.24
CAE,91.1
CAC,53.51
CCC,20.09
ECC,49.73
DEB,67.46
ADA,58.82
EBD,59.44
AAC,35.98
BCE,55.95
AAC,78.14
ACD,37.77
DDE,52.11
BDC,34.96
BEB,68.47
CCC,78.93
AAE,54.89
AED,94.58
DDE,77.63
CCE,73.2
DCC,34.92
DAB,92.77
BEC,17.28
CDD,80.05
ADC,59.7
AEB,14.75
CCE,41.52
BEA,65.04
ECE,32.78
CCE,86.94
DEB,82.73
ABD,72.89
BEC,97.75
ADD,42.2
BAA,50.88
EEB,41.69
CAB,38.68
EEC,49.0
BAE,70.53
CED,20.96
EAA,25.3
EBA,63.3
CED,98.56
DCA,24.25
EAE,37.01
BEB,72.22
CAC,32.67
EDE,90.67
ECB,25.82
CEB,10.09
DBA,61.22
CCA,46.19
EDA,70.23
BBD,64.33
BCE,26.08
DDC,92.52
BEE,75.42
BBC,33.67
CDB,18.8
EBB,50.3
DCD,12.77
DDD,62.33
CEA,72.6
DCD,75.67
DCB,71.81
DCD,65.33
ECE,42.43
BDC,50.28
BCE,34.45
EDD,33.61
ACE,35.82
CBD,97.33
DAE,32.81
DAA,52.27
DCB,49.14
CDD,30.01
DAC,58.16
DBA,75.05
CBD,81.62
CEC,58.83
EBD,80.57
BBC,84.03
EBE,50.28
DCA,55.35
AAC,45.74
CAB,35.55
DAA,56.17
CEB,46.0
ABC,98.05
EBA,92.3
DDD,83.23
BCC,40.74
BDE,50.85
ACE,57.4
CDB,95.36
BBD,18.09
ABB,29.72
ADD,86.59
CCB,37.7
DBB,18.1
ECB,92.85
DBD,81.41
CAA,23.69
AAD,82.29
BDA,14.28
EEE,85.18
BAD,15.17
EBA,68.33
BBB,67.31
CAD,94.96
EEB,88.62
BEA,74.89
ADC,87.71
CDA,73.92
CAB,91.12
CEA,65.38
ACB,74.5
ADB,85.06
DAD,18.05
BAE,91.94
CAD,17.53
CBD,12.85
DCA,92.91
ECB,75.85
BDC,45.34
DBA,42.48
AAB,78.27
BDD,38.85
BDD,37.68
EAD,87.37
ECA,71.59
CEB,79.53
ACA,82.29
ADA,97.74
BAD,94.77
AAC,24.31
EAE,83.3
DBC,90.83
AAB,53.35
DCC,30.94
CBE,35.22
BEE,23.72
EAA,17.64
BEA,47.97
DBD,24.95
BCC,91.79
ADB,60.55
CBA,94.71
EAC,13.67
CDD,92.69
EBC,55.15
CAA,86.27
AED,56.29
BBD,19.12
EAA,99.41
EBE,29.82
CDB,18.28
BAD,56.26
DCC,61.08
BAB,71.21
DCD,86.47
DBD,54.16
AAB,53.63
EAD,26.05
EAE,36.81
CDC,39.2
BDC,12.84
AEC,11.29
CBE,28.35
ECB,49.62
ABB,23.39
BEB,72.66
CCE,92.62
CED,86.12
DEA,45.3
BAA,74.76
ABD,62.44
AEE,93.81
ECC,23.62
ECA,11.61
DEE,70.09
BBB,81.14
AED,57.22
DEC,55.27
DCD,81.98
BBA,27.69
ABD,22.96
CAA,35.58
AEE,24.57
BBC,82.01
CEC,27.18
ABA,28.55
ABD,63.2
EAC,96.8
DEC,80.47
AAB,66.04
CEA,71.45
CBD,34.81
BEA,54.78
ADE,65.92
AAD,87.84
BAD,56.44
DDC,91.84
ABE,27.89
DEB,68.29
BEC,16.91
EEB,97.07
ABA,28.76
BEC,49.88
CDD,22.16
EDE,33.42
ABC,54.74
ABB,20.67
CAD,53.9
ABA,15.57
ABA,68.71
DAC,65.6
DBA,90.43
CEE,30.87
DAE,15.15
BBE,24.08
DCD,79.64
EBA,24.42
BDA,72.44
CBB,56.28
CDE,10.05
DDC,57.44
AAE,91.87
EAC,87.12
BCE,28.26
EBA,71.19
DCE,65.81
EDB,69.46
CDD,55.49
EBD,35.05
ABD,67.2
ACE,36.06
CCA,61.55
CDD,83.97
EBD,99.03
BCD,21.53
CEC,91.05
BDE,92.59
ADB,63.33
BDD,35.46
DBA,66.09
EEE,67.88
ACC,65.53
CED,35.71
BEA,12.24
EBC,98.92
ADC,62.38
EBD,41.73
AAC,47.34
AAE,17.77
EAB,84.14
CDA,52.52
ABE,93.35
EDA,30.18
DBE,18.37
EDD,77.16
EEC,29.28
ACD,71.84
DEE,96.3
BEC,63.21
BBD,63.74
CCE,72.83
ECC,78.53
BED,89.03
CDD,64.12
DEB,46.89
ADC,77.2
CED,76.67
ABB,34.39
EDB,39.02
AAB,68.0
EBD,13.7
AAE,41.48
AEB,78.59
BBA,44.68
DCD,23.88
AEB,27.15
CBD,44.94
CCC,39.7
AEB,12.32
DED,41.64
EBA,38.17
ECD,25.85
BBE,20.13
CAB,15.46
CDD,92.76
CBD,45.15
CDA,55.97
DEB,66.05
ECE,39.31
CAC,27.86
DEB,29.98
ADB,91.47
EAC,97.09
EAE,50.32
EBD,23.95
DAE,86.95
AAD,98.77
BBB,69.7
EDD,43.37
BDB,86.27
CCB,29.17
DBD,88.91
ADA,71.08
BDA,69.57
CAE,42.01
CEA,42.13
BCB,58.56
DDB,88.12
AAA,70.48
EDA,60.09
CAB,46.27
AAD,30.94
ABE,42.36
CEA,99.38
CCB,79.07
AAE,74.56
CAC,31.98
ADB,89.25
DED,58.24
AEE,60.52
EDD,54.22
EDA,17.78
EDD,83.47
EDC,48.35
DEE,97.02
EBC,80.59
EEC,84.42
DEB,13.04
AAD,71.21
BAB,17.88
DDA,14.66
DCE,35.35
DED,24.51
ECA,37.34
EBC,82.05
DCD,55.23
EED,27.64
DCD,29.92
DED,55.11
DCD,10.0
BBD,75.09
ABE,10.45
DBD,31.8
DAB,98.62
AAB,27.58
EAA,90.56
EEC,15.49
BDE,50.03
ABC,40.45
BDC,89.63
BCB,65.51
AED,33.05
CCE,72.35
EDE,15.59
ABE,20.58
CDA,78.53
AAE,70.82
AAA,12.52
AEA,99.34
ABC,63.16
BDE,68.94
CCE,42.96
EAB,61.67
CBE,90.77
BAE,47.16
CDE,42.51
DED,13.94
DEE,44.44
EEA,85.02
CDD,12.62
CED,40.28
ADC,83.76
ABD,23.61
BDB,48.55
BBA,25.33
EBA,10.81
BAC,50.63
ADE,82.79
ECE,48.9
AAB,85.62
DDE,15.04
BED,58.26
CCD,81.03
EEC,40.41
EEC,51.62
BDC,50.34
DCE,51.41
CEC,15.7
EEB,36.31
CBA,33.67
DBE,32.01
DAB,81.35
DCA,58.96
BBB,65.76
EAC,65.51
ADD,12.86
DAE,90.85
AEB,28.67
BBD,92.76
BDC,15.59
CDD,91.3
CEA,28.15
BAE,27.71
EBA,93.25
BAC,19.58
EDE,97.05
AAD,18.98
CAC,39.32
DAD,79.14
DAB,22.76
AED,36.99
EBA,41.77
CAD,79.89
DEB,42.12
CCA,56.23
BBC,97.72
ECA,13.11
BAB,39.64
EAE,18.9
EDC,47.84
DCD,63.18
BDE,99.76
CAD,38.12
EEA,43.22
DAA,37.53
DAD,95.81
DDC,33.01
CAD,54.8
CAA,65.88
BDA,82.23
DBB,20.6
DDE,80.68
CBC,70.17
CAA,25.76
ADA,52.94
CCC,93.37
DDA,58.8
ABD,61.08
ECB,46.75
EEE,78.42
ECE,85.94
DDC,21.3
CDB,93.75
ADE,72.59
EEB,14.88
AED,36.13
AAE,61.69
BBD,80.73
EAB,18.93
AAA,66.73
ADB,26.56
CDE,44.64
EEA,79.34
AAC,62.21
AEE,73.05
ABE,65.97
ABC,18.02
DBD,24.37
CAA,76.6
ADE,66.76
BCE,96.87
EAB,65.39
DDA,64.78
CCE,95.18
CEB,25.45
ABB,12.63
DAC,39.01
BDB,66.49
EDB,16.12
ADE,85.78
EAB,22.69
EAC,36.82
BEE,26.62
BBD,46.34
BDC,56.74
BCC,86.84
AAE,94.4
CCC,89.51
ADD,77.53
DCE,22.44
AEE,60.51
DEC,74.96
BDC,73.28
EEA,46.27
DDB,55.04
CBA,20.55
EBB,89.11
DBA,47.79
BCC,11.76
ADB,70.29
DBB,95.09
DEE,81.03
ECE,30.8
EAD,33.83
ADA,25.53
CBC,41.98
CDA,75.83
EBC,77.41
CAE,76.84
ECE,94.51
DAD,26.1
ECB,84.14
BAE,63.61
EEC,55.92
BAC,47.13
ABC,33.76
EEC,56.53
ECB,94.0
DAD,88.46
DBA,85.19
BAB,83.39
BDA,37.64
AEC,50.88
CCD,35.28
BEA,87.61
CBB,69.13
CDE,97.91
CCB,29.8
EAD,31.91
DAA,27.87
BAE,39.79
CBD,99.2
DBD,98.91
EED,19.08
CEC,92.84
EDC,99.83
ACE,90.28
EBA,73.11
BCE,43.27
DDE,52.9
CCC,96.6
EED,28.2
EBB,93.96
DEE,18.83
CEE,54.76
BDD,46.77
AEE,96.33
DBC,56.99
ADD,90.92
ABB,68.45
CCD,34.14
CBB,24.66
EED,87.67
DED,17.27
CCD,16.83
ACA,61.31
ECE,68.07
ACD,81.52
ACC,80.88
CAC,66.94
ECD,62.5
CCE,79.57
CDE,50.1
DDA,15.01
CDA,64.88
ACD,36.91
DAC,18.19
DEA,27.46
EAC,82.97
ECD,39.97
DEB,44.93
BBC,42.32
BCE,71.13
CCE,72.97
DCA,36.42
BDB,22.94
ACC,26.14
ABD,39.66
EDE,87.81
BDC,89.78
EEB,90.15
CED,72.87
DDE,70.85
DBC,48.41
AED,67.72
CAA,54.85
AAD,69.48
DAA,37.1
CCA,41.85
EAC,40.78
ADC,54.0
EDA,95.54
CED,61.13
DBC,77.26
BCE,67.42
DEE,72.21
ADE,15.42
DAC,85.9
ADB,47.36
BCA,82.75
ADC,58.63
EDD,26.33
CBB,19.68
DCE,31.31
EBC,66.14
BEC,91.11
BBA,93.04
EAD,32.86
ACB,11.3
CAA,30.13
BDD,57.51
DAA,47.99
CEB,62.63
DBA,93.54
EAA,56.49
AAE,94.87
DBB,88.93
EAD,51.67
DDD,58.93
CEE,72.46
BBC,89.45
BAE,88.06
ABD,55.74
CAA,89.81
EDB,13.26
ADC,41.79
DAE,71.8
BCC,16.11
EED,63.84
EDD,26.39
CAE,42.78
EBB,57.06
CCA,80.29
DDE,74.03
CCB,69.58
CEC,83.85
ADA,81.28
EDB,94.78
EDC,12.3
ABC,55.44
CCE,68.66
ACA,98.65
CEC,15.73
BDC,17.25
ECA,69.18
EAC,73.69
DBD,52.13
BCE,66.66
ACD,45.8
AEB,46.15
CEA,84.3
ACC,92.03
BEC,87.56
CAE,58.37
BDA,72.92
DCA,89.75
CDC,17.79
ADD,85.1
EDE,63.77
BCD,66.91
DCC,37.06
AEE,94.77
ABE,32.79
BDB,17.67
BDD,53.56
BAD,72.45
BDC,96.21
DBB,22.33
EBB,35.91
EBD,18.8
BAE,84.51
ADE,31.9
ADD,63.89
EDE,88.23
BBC,78.26
ADE,74.37
BAA,64.65
DCE,70.11
EAB,30.64
CBB,27.14
EAC,85.32
BDA,77.01
DCD,17.23
CAD,21.08
DCC,83.11
DBD,75.42
BCC,53.85
DDA,52.94
EAD,13.57
BAC,87.14
AEC,71.64
BDA,18.68
DDB,84.24
ADC,23.77
CEB,43.48
DCC,95.68
DED,59.66
ACA,61.42
DEA,87.98
DDC,91.0
BAA,67.57
CBB,22.28
CCA,99.63
EDD,70.24
CCB,11.24
DAD,60.92
ABD,87.53
DED,95.23
DBC,78.08
AEA,96.07
ACB,86.59
ACB,13.66
EBD,54.19
DEA,32.93
CDA,97.96
BAC,35.72
AAA,47.58
DEA,14.08
EBD,98.37
ABB,48.24
BDD,93.51
ACC,64.74
BEC,58.5
BBD,89.58
BDE,55.46
DCA,29.53
CEA,91.75
EDC,88.19
BAE,89.79
ABD,68.79
BBE,94.58
ABE,81.21
EBB,41.22
CAB,89.77
ACE,45.93
ADB,96.63
CCD,89.8
CAC,12.23
DDA,75.63
CEA,52.32
DDB,33.34
ADC,60.85
EBC,94.71
BCD,63.92
BCB,79.87
AEA,75.86
BDD,91.03
ACB,34.51
CAE,88.9
DAA,26.85
DAE,57.34
EAA,47.59
BCD,80.8
BCE,62.03
DAA,92.65
DBE,30.45
ECA,65.45
DEA,21.16
DEE,41.23
AAC,78.55
DCD,59.21
BDE,54.22
AAC,13.3
AEE,22.77
EBD,36.22
DED,41.9
BCD,94.87
ACC,57.32
AEC,38.0
AED,75.31
AAB,31.52
ACC,41.57
DBE,15.65
CDB,10.14
BCD,48.52
EDD,88.43
ECE,46.19
ABE,64.14
DCE,29.99
ADC,98.2
CBB,30.37
ADB,32.1
EEC,47.12
CEC,48.59
BCD,28.68
EAD,34.06
DDA,27.21
BDD,53.94
BCD,73.56
BED,30.81
DDE,25.64
EDD,57.26
CBB,37.96
BBB,62.87
BAE,67.5
BAB,95.16
BED,86.83
AED,71.74
CDA,41.25
ABC,64.7
AED,28.41
CBB,83.01
DBD,55.99
BEE,79.6
AAD,77.28
BCC,48.92
EDE,81.31
ECA,39.68
CAA,82.93
EEA,84.03
CCD,61.49
CDD,65.19
CDE,83.24
ECB,22.05
CCC,73.5
CAB,36.92
BBA,74.53
ABA,68.87
DDD,98.17
ECC,64.93
EEB,28.86
ACB,62.21
EAD,45.73
BAD,75.1
ADA,38.82
BAC,88.65
BDA,53.28
EAC,72.83
EAB,18.21
AED,28.53
DAA,60.04
BDD,15.53
EEB,68.49
ABE,24.84
BEC,31.86
BEE,12.7
CCD,96.81
DDD,47.91
BDB,79.15
EDA,90.75
DAA,67.27
CCB,39.61
CDB,23.34
ABD,21.36
EBD,38.49
EBA,45.04
BAB,33.64
BBA,59.04
EBD,83.88
ADD,30.84
ABE,17.47
ABA,72.32
DBB,78.94
AEA,19.11
CBD,84.18
BEB,74.19
BBE,25.36
DEC,64.19
ECC,32.98
CBC,79.69
BBD,77.92
BBB,26.32
ABE,27.3
AAB,33.81
BAD,32.65
EAC,33.24
CCE,89.39
ABD,23.12
EDE,24.65
BEB,60.06
DEC,97.8
BCE,70.14
EAA,15.81
BDE,21.75
CBA,14.13
BAB,28.9
DAE,14.38
CAE,65.38
EEA,52.29
CEC,70.88
BCB,21.52
ECD,74.35
EEC,57.05
CCD,53.46
BAA,32.92
CCC,17.27
BBA,90.61
CDE,60.75
EAB,47.87
ABC,84.57
BEC,60.53
BCA,96.94
BBB,40.75
DAB,17.0
CED,33.6
EDC,26.75
BDA,14.97
DBC,32.04
CBB,46.7
BDA,14.91
BBA,95.81
EAB,10.09
ADC,67.95
CEB,53.41
DEE,83.12
AAA,46.4
EAA,66.56
DDC,57.09
EAB,47.06
CCB,58.94
DAB,67.99
DBB,52.11
BEB,70.96
AAA,18.51
BDA,31.61
EDA,42.83
EDB,53.87
AAC,23.84
BDC,33.89
DBB,92.46
EED,85.23
BBE,58.97
DDB,56.9
EBE,76.13
CCE,10.77
AAE,15.68
DAB,80.05
BDD,31.07
EAE,13.4
DAC,19.67
ADC,75.6
ABA,84.16
ABA,65.78
ABD,65.22
BBB,61.05
CBE,71.42
EAA,12.97
EEB,35.52
DAB,73.09
CAE,25.92
AEE,44.45
EAE,84.29
DCD,67.05
BCE,30.05
BAC,86.61
AAD,73.77
AAA,44.31
AAC,97.77
BAA,91.98
EDD,94.05
DDB,65.66
AEA,11.15
CBD,83.24
DCA,73.79
CEB,24.07
AAE,39.25
EDC,98.14
ACC,37.38
DAA,89.67
EEB,69.53
DDC,21.99
AAA,43.42
AEA,21.99
AEC,62.7
DEB,86.89
CAE,39.23
EAB,88.72
EAD,12.05
DBA,81.87
BBA,83.94
CEB,74.03
CCA,90.41
EDB,83.33
DEC,32.84
CCA,59.2
BDA,50.88
CCE,26.01
ADE,21.93
BAE,97.38
CCC,65.01
ACB,24.56
EDB,31.56
AAC,65.8
BCB,51.67
ADE,26.74
AAD,21.99
CAE,93.88
BCB,53.82
ABA,57.75
BED,38.63
EBB,62.26
BCE,88.15
ACD,76.53
CCA,30.43
BAC,24.58
CEE,13.3
AED,30.23
CCA,74.0
AEA,92.66
CDD,41.23
AEA,37.12
DBB,18.31
ECD,63.47
ACA,35.81
EDC,48.31
DDC,63.63
DEA,60.02
BAA,14.88
AAA,86.18
BAE,97.79
BAC,71.47
AEC,70.23
EBB,34.49
DBE,99.84
DBC,19.86
DCD,63.18
DDE,39.67
AEB,92.14
DDD,62.48
AAB,19.03
ABA,63.45
ADD,46.61
CBC,63.55
BCD,84.39
CEA,80.83
AAE,47.82
BDE,58.04
AEC,27.19
DDB,96.87
ABB,24.55
BEE,70.23
ECC,47.05
BAC,15.03
CBC,23.46
EDB,79.29
DDE,55.61
ACA,42.84
ACC,46.75
CEA,20.15
DCB,81.67
BEA,28.92
CEE,76.74
ADA,44.47
BDE,34.03
BBD,64.85
DCC,96.49
EDE,41.42
EAB,78.71
DBB,30.04
ABE,36.21
CCC,20.03
CEE,49.03
CBE,94.58
DAC,46.47
ECA,74.03
EDE,24.6
DEB,85.57
CEA,38.68
BAD,36.74
DCB,47.85
DAE,38.8
DCD,38.04
CAA,32.49
CEC,52.17
DAC,62.14
ABA,22.91
ACD,90.55
EED,93.24
DDE,64.48
BBD,60.67
ECD,90.23
CDB,59.65
ABB,17.42
BEE,27.31
ECD,98.89
CAC,11.41
DDB,83.78
CEA,55.32
CEA,84.16
CEA,83.81
BEE,47.89
ADC,83.89
DCA,52.19
CEB,58.79
DCE,95.15
BEA,81.24
AAC,55.53
BCE,92.3
ECD,28.04
EDC,17.54
DBC,70.96
CCC,72.55
DCC,59.67
DEB,64.0
EEC,95.06
CCA,37.93
BEA,72.29
BDA,33.45
AED,97.06
ABA,81.14
DEB,31.03
CDB,81.07
EBC,96.07
DAB,43.9
ABC,86.53
CCD,20.2
BAD,75.99
CAD,38.54
EAA,88.63
BEE,10.9
DDA,87.57
EDC,80.41
AEB,43.13
CDA,30.47
DCA,80.88
EBB,76.22
ADD,84.09
CDB,74.14
BEE,29.89
CDA,57.07
EAD,49.75
EEB,40.55
DBC,63.43
ABA,47.16
AAD,96.16
ADB,99.5
DBB,78.42
BCE,61.81
CEE,79.8
CEA,29.56
CEC,31.86
CBE,88.85
DBC,89.68
CDA,17.12
BCD,60.29
AAC,42.1
DBA,97.13
CCB,54.4
EEA,16.63
DBA,52.83
EDB,64.07
CAD,97.03
CCE,15.47
ACE,95.37
BCB,59.22
DAC,50.36
CCC,92.54
DEB,24.56
DBB,92.99
EAA,78.72
CDB,30.2
DCE,93.35
CBA,23.7
DCC,51.88
ECD,21.33
EEE,90.29
BCE,29.32
DED,27.48
AAD,97.82
AAA,55.12
BAC,98.36
ADD,53.3
ACA,92.5
DAA,47.08
BBB,10.53
EED,30.46
CAE,16.63
CBC,15.08
ADE,92.84
ECA,52.29
CAD,37.77
EBC,33.26
BAD,66.12
DBA,56.3
ACC,18.55
BDE,77.03
BBB,69.25
BAD,35.36
DCB,81.04
AED,39.65
EAE,26.51
DEC,51.45
BBD,71.21
DDC,51.86
DBC,99.44
BAE,80.76
ADA,33.21
BCC,58.6
AAD,73.49
ABD,29.75
DAD,95.34
CED,97.46
CBE,21.9
ADD,66.54
CDE,75.3
CDC,90.51
EED,67.68
EAC,53.34
CEC,51.35
CDE,70.65
EEA,56.12
CCB,27.77
DEB,63.28
CEB,63.99
ECD,42.22
EAA,54.46
DDC,33.48
CBD,18.56
DAD,78.18
CBC,92.2
CAB,55.3
ADD,73.02
EBD,66.41
BBB,49.01
DEB,90.81
EDB,42.54
CAC,46.45
BAA,49.23
DDD,36.37
DCE,12.08
DCD,64.44
EAC,52.57
BDC,43.28
DEC,62.8
ACD,26.67
ADB,75.41
ACE,34.35
DEA,93.34
CAD,67.29
EDC,16.74
DDA,29.46
CEE,55.44
CBB,92.68
ECC,69.19
AAC,20.34
CAD,95.03
DAA,95.97
DDC,26.02
BED,44.67
DBB,77.25
DDA,32.3
DEE,85.79
AAD,32.79
CAE,30.84
CEB,15.21
EEE,71.24
DCA,37.98
CDD,90.6
EBC,28.81
BBA,67.38
DCA,16.4
DAC,98.36
ADA,58.25
CBB,77.29
CCE,65.47
CED,43.98
BEC,89.05
ADE,91.69
BEB,66.27
AAE,46.52
ADE,88.96
ADD,23.52
EEE,46.99
CCC,14.22
AEA,28.38
CAC,49.89
DBC,29.75
CBE,97.13
ADA,22.68
CBD,51.36
AAC,84.24
BAE,51.02
CCC,15.56
CBD,44.23
EBE,32.61
DAE,69.25
ECD,59.28
CEE,98.21
BAC,43.76
BEA,49.45
DBB,32.64
CAB,72.78
DED,47.03
ADB,39.74
BBC,34.83
CCC,72.69
BDE,59.34
ECA,79.43
BAA,71.52
ACE,22.93
BBD,49.48
BBB,66.32
ADC,90.12
CBE,90.53
BEE,69.66
BCA,66.1
BDD,55.27
EAC,79.36
CDE,18.41
CAC,15.68
DED,96.93
CBB,37.16
BBD,88.47
ABA,71.91
CEC,46.72
DCD,68.75
DEA,79.91
BAA,30.18
EAC,35.22
EAE,41.31
EDA,51.15
CCD,11.77
AEA,43.77
EEE,55.57
EDE,19.45
CAB,69.66
DCE,10.35
AEA,87.21
DCE,29.03
CCE,92.49
AEB,24.7
ECD,30.47
EAD,89.54
ABD,32.87
CBE,64.96
CCE,59.27
CBD,70.69
BAE,30.55
BEE,38.48
DAC,68.34
DDE,37.33
BAA,45.43
EAD,55.03
CBA,29.03
ADC,29.86
DCE,14.72
BBE,21.57
DCC,98.69
ECB,95.11
EEE,74.25
ABC,55.91
AAB,70.45
AEA,99.54
ADB,68.0
CCB,93.11
ECD,30.98
DBB,26.17
DDD,46.2
BDD,70.72
CBB,92.78
EAA,50.48
EBC,64.75
ADC,41.93
EED,80.75
BBB,36.64
CAA,30.19
BBE,84.66
ADB,44.29
CAD,66.5
ABE,98.62
BBA,85.23
EAA,82.38
AAB,74.19
DBA,71.41
AAA,31.52
ADC,76.19
DAC,58.98
EAB,32.6
BEB,13.59
ACA,85.85
BDA,90.09
ADD,99.3
DAB,14.05
AAB,26.57
AEB,26.97
DDB,96.24
EAE,32.23
EBA,91.04
DCC,85.47
DDD,48.59
DCC,74.66
BDD,35.79
EAC,50.99
EEA,76.1
EEB,88.74
BAC,64.17
ACD,12.84
BEB,76.01
CEC,31.76
ABB,67.42
ACE,83.91
BAB,68.89
EEE,93.79
EBA,18.94
ECC,94.21
ECA,11.87
ADB,59.89
DBE,33.23
CBA,99.72
EED,37.64
BAA,68.88
DBC,51.18
BAB,97.68
ECB,80.64
BDD,34.69
DAB,66.68
BDE,33.39
BED,17.35
EAD,74.83
EBD,29.54
DAA,60.49
AAC,17.64
BDE,81.21
CDC,66.0
DDB,69.04
ECD,70.71
EBC,90.92
DBD,49.37
DAA,37.92
CBB,51.04
CEE,34.52
EDC,88.0
DDD,84.14
DAB,11.87
CBE,49.6
DBE,43.68
DDC,73.73
CEA,66.72
EAD,77.52
CDA,57.19
EAD,32.63
CBE,94.04
BED,76.47
CCA,60.14
DDE,62.09
EDA,39.9
AAA,75.27
ABB,68.85
ECA,37.65
BCD,72.32
CDB,56.03
DAC,78.77
DEB,70.46
DBE,95.88
DAB,99.81
DCA,44.07
CCD,31.71
BBD,95.54
CCC,84.58
CDB,83.3
AAE,79.2
AEA,19.08
EDA,15.86
ADA,35.52
DAE,60.71
EEA,10.93
AED,66.76
EDD,45.0
CBD,76.11
BBA,88.19
BCA,60.69
CDA,36.89
BDC,65.78
ECB,21.27
ADB,90.98
CBE,52.02
CBB,48.74
BEA,96.46
DAD,34.13
BDB,79.15
EBE,61.97
DAD,43.15
CDB,48.07
CED,70.65
EDC,30.31
ACD,73.51
EBA,84.07
EAB,46.13
EDB,58.55
EEC,87.51
DBD,74.97
DCD,61.1
ADD,52.74
DCB,39.78
CEA,47.96
CEC,41.3
BBD,64.89
BEB,46.04
CBE,47.86
DBD,61.66
CDB,52.18
CCD,67.49
ADD,87.55
CCA,22.98
DCB,91.5
BBC,56.64
DEC,87.33
ADB,50.97
ACE,41.97
ADD,27.5
BAE,40.05
ACE,25.07
BCA,88.89
EEE,30.92
ECE,88.99
EDA,61.0
BBC,28.49
CBA,12.24
DEE,15.51
ACB,85.92
AAB,30.4
DDB,97.48
CDE,82.93
AAC,28.49
CCC,70.1
EEE,82.63
EBB,64.62
EBD,13.17
AEB,47.11
BCE,10.77
DED,86.95
ADE,64.77
CDC,61.4
DDA,20.09
EEA,65.74
CAB,73.66
AAB,22.36
CAE,68.67
EAB,86.87
ACC,20.92
CBC,12.61
BCD,79.48
DAE,25.99
ABD,34.7
DDC,16.68
DBE,79.61
EDE,46.41
CCB,33.51
CAD,75.85
EAA,75.95
CCA,91.53
BED,38.04
ACC,39.14
CBE,83.21
CED,76.69
AED,34.53
DEA,49.74
BDB,91.07
DEA,13.47
EBB,20.4
BCE,67.54
EAA,70.48
DBA,25.92
EEE,80.43
CDC,96.33
BAA,84.46
AEE,23.91
BBE,52.69
ADC,98.6
EDB,99.4
AAD,59.09
CAB,64.59
CCD,79.81
BAC,72.41
DAC,18.89
AEE,67.36
BAB,99.45
BCC,42.91
BCB,54.99
CAE,15.05
AEE,16.89
BAB,81.06
DCA,60.96
DCE,82.38
ECE,86.48
ABB,20.76
DCC,52.75
BAC,52.28
EBC,27.1
EDC,57.3
EDA,25.91
EDD,86.15
ACD,39.93
BAD,53.89
BCD,13.09
ECD,94.81
CAE,73.41
CAD,58.3
EAB,19.22
BAB,64.84
ADC,65.34
DBA,39.85
BBB,31.52
EDE,90.0
DBA,38.05
ECA,87.29
BEB,65.3
BAD,50.68
CAD,96.9
EBA,66.51
BBC,39.75
CBE,20.59
BED,37.2
CAE,45.25
BCA,37.01
ADC,26.79
EBE,72.72
EAC,98.17
ABC,85.7
CBA,34.61
BAB,56.02
BAB,44.27
CDD,39.49
DDA,88.37
BEB,20.73
CDB,58.4
AED,12.83
CCA,81.6
BAE,15.6
BCD,91.82
DAD,50.57
DBB,15.96
DDD,63.62
EEE,81.84
CDC,96.36
ADD,75.26
AEE,19.29
BBD,33.49
DEA,89.3
BCD,78.05
BCB,52.18
BBB,59.32
ABC,84.42
AAC,70.1
DEA,15.44
BEA,18.33
DBA,21.8
AEC,50.82
BEA,85.05
BDE,48.83
DBD,12.17
BAB,59.64
DDD,22.6
ADA,56.38
CBB,56.63
EAB,79.33
EEA,98.24
ADB,78.59
EAD,70.84
AAD,33.81
EBC,92.95
ACC,46.77
DCC,33.05
BEE,11.84
AEA,19.73
ABB,37.8
ECE,17.11
CAB,97.47
BDA,81.03
CAE,97.83
CDA,75.61
BEC,98.82
ACA,34.24
BDB,89.9
DEC,64.92
DEB,35.3
CCB,16.4
CAA,53.04
AAA,55.61
BCA,54.41
EDD,30.82
DEB,93.44
DED,63.0
DDA,42.42
BBD,99.65
EAB,84.28
CDC,55.24
DCB,10.17
BEB,83.45
ECC,20.63
ECE,54.28
AEE,82.72
EAC,59.45
CEC,90.65
ECC,78.17
AAE,41.77
CEE,53.11
ADB,34.54
BEA,63.09
BEC,62.14
ABB,25.23
BAA,45.53
ADE,44.4
AEE,44.67
BEB,94.19
DBC,46.57
CCA,16.3
DBA,87.22
EEA,21.22
ACE,26.9
BCC,84.53
ACC,99.41
EAA,70.92
ACC,34.29
DDC,75.43
BCE,23.33
ACE,71.21
EAB,34.02
DAE,33.83
BEA,38.62
ECB,65.08
EAB,83.16
DBC,96.4
DAB,90.06
ECC,48.96
CAC,31.27
EAD,52.9
DBA,83.44
CBD,78.41
BEB,39.64
EDB,93.31
AEA,20.0
BBD,64.97
ACC,41.52
DAD,36.89
BCC,27.61
AAD,86.28
EAD,65.78
BAB,62.66
EEA,94.37
CCC,38.33
DBE,32.27
EBD,22.16
BDB,79.55
DEB,58.19
CBA,93.77
ACD,95.84
EDB,97.49
AEE,57.16
CCE,92.13
CBB,17.61
BCE,96.43
ACD,15.98
EDC,21.5
EEC,75.84
CAA,15.6
BBD,56.05
BAB,53.02
BDD,38.37
AEA,99.21
DCC,61.93
EEE,21.99
BDE,84.95
AAB,61.7
EAD,95.24
BDC,61.9
EED,60.78
BAA,77.84
EED,13.46
CEB,77.71
DEE,22.55
CAB,96.69
ADE,30.5
EBE,56.81
EAB,26.82
AEA,97.98
CAE,32.15
BBC,30.34
BEC,78.24
DDE,37.24
ADC,37.25
BBA,70.8
ECA,80.83
CAA,41.96
ABE,97.62
CAA,71.76
BDE,35.76
CBD,54.63
CDC,31.22
CAA,15.84
CAE,46.58
ACD,56.17
DBE,33.72
ABE,23.87
BAA,43.76
DCA,38.93
CEC,55.82
DAB,71.52
DAA,77.89
DEB,96.57
EDE,60.48
DEE,87.87
DAB,37.09
ABA,14.87
EED,14.87
DDD,15.0
BAD,59.89
BAC,88.94
BBB,88.27
EDB,68.51
CCA,48.39
CEB,36.72
CDD,73.43
ADB,67.95
CEA,39.47
DCD,33.59
BCA,24.22
AED,83.43
EAE,68.34
BDE,81.58
ADE,10.21
CBD,35.22
ABD,99.01
DBE,58.03
BAE,68.14
DDB,55.99
EBA,45.62
BDA,26.31
CDD,52.28
BBB,22.51
CEB,23.88
CEB,95.95
ACA,82.75
EEA,65.98
CEB,97.85
BAA,40.73
CDE,79.28
DDC,51.04
CEA,65.52
ADD,44.12
BCB,82.76
ADD,38.7
ADC,93.28
EBA,80.49
DDC,45.83
DAA,50.85
CED,26.9
DBE,31.09
BCC,12.6
DEA,94.38
BDE,20.13
AEA,93.05
BBB,64.21
EDA,44.62
BCE,93.33
CBD,27.77
CCA,51.18
ABB,48.46
ABA,11.13
EAA,17.93
ADB,32.76
DEB,44.14
ADA,77.92
EEC,89.35
CBE,78.51
BAE,87.93
ACC,19.46
DDC,60.35
AAC,79.99
EEC,14.38
BBA,38.85
CEE,60.88
CBD,64.19
EDC,45.35
BEB,53.44
EBD,97.43
ABD,83.68
CBC,87.16
EBB,22.46
CBA,41.99
DAE,70.03
BAC,15.99
CCE,74.07
BCE,82.52
ABC,51.57
CDE,48.72
DEC,90.68
DBD,97.11
CCE,63.43
DCA,81.85
CEB,59.5
ABB,51.31
DCB,41.2
DCD,42.28
DBE,49.85
DAA,39.26
CEB,88.13
CBE,95.73
BDD,89.51
DCD,71.02
CAD,11.39
DAB,67.9
BCC,13.08
BDA,53.81
DCA,97.0
DAA,31.77
ACC,75.01
BBE,87.45
DBB,75.19
ABC,84.65
AEB,50.29
CAB,24.74
CDA,23.68
ABA,56.67
DCC,99.29
DBE,38.86
EAE,62.87
EBA,95.39
BDD,43.96
EBA,39.9
DED,63.66
CBE,45.16
ADE,10.34
DDC,87.98
ABC,60.19
DBB,96.3
EAC,20.96
BAB,24.44
DDD,44.62
CBE,33.59
BAE,96.4
BBD,39.45
CED,65.58
BCD,53.41
DCC,36.77
BCD,38.75
ADE,31.36
BEE,73.41
BAB,69.95
DDB,69.19
ADE,43.39
BCE,51.85
ACA,63.69
EEB,85.22
CBB,30.14
DBD,79.66
CBD,64.2
ADD,95.64
DCD,47.91
DCE,66.96
EED,73.92
EDC,42.76
BCC,72.41
DEB,56.71
CDE,29.62
AEC,82.23
BCB,41.19
DEE,45.86
DAD,49.69
ACB,68.44
BBD,11.9
ACC,18.06
DCC,66.4
BCC,72.7
CED,65.67
EAE,20.22
BEE,92.99
EAC,55.48
DBE,18.64
BAB,67.05
ECE,72.68
DDD,69.64
AEA,45.25
ECE,77.75
CAD,88.13
BDA,46.78
CCB,92.93
AAA,19.42
BEE,31.91
EAB,44.82
DDB,22.19
ECD,43.74
CDC,92.35
EDB,23.09
DAC,95.64
CBA,91.94
AEC,29.75
ABE,73.53
CAB,75.72
ECD,73.11
CCA,24.33
CEE,98.77
DEC,70.73
CBC,22.72
EAC,63.88
DBC,93.64
ACA,50.95
BBA,98.26
EED,82.43
ACB,96.38
ABA,37.4
CBA,77.02
AAD,29.59
CDA,21.84
AAD,48.19
ADA,62.85
EAD,27.43
AEB,97.02
BCC,72.26
EAB,81.78
EDD,21.25
DDE,56.52
DCC,86.29
DCA,49.1
BCB,49.18
AAD,35.54
DEB,33.97
DDA,66.19
DDE,31.62
DCC,95.75
AEE,66.18
DBD,57.8
CDD,92.74
DDA,19.24
EDE,65.22
CBA,53.65
CBA,12.14
EDC,39.2
BCA,76.0
BBE,11.91
CDA,60.04
ACC,68.1
BAC,57.89
EDD,55.99
EBD,16.42
AEB,70.97
AAA,96.78
AEB,75.8
BCD,50.3
EEA,86.76
AEB,15.3
DCE,40.27
CCB,37.28
DCE,29.74
EDA,56.4
BAC,56.13
EAB,53.47
BDA,71.23
ADA,73.01
CEB,16.85
BCA,34.32
AAD,19.42
DAB,48.2
DDC,31.68
BDD,42.64
CCA,76.43
EBB,97.93
BEA,16.83
DCB,63.25
EDE,66.44
CED,57.13
CDA,10.57
EAB,30.44
CEB,76.29
EDD,52.75
ECE,54.86
CAA,18.05
CEA,39.51
EAC,51.67
ABE,86.2
BEE,70.59
ACE,17.97
BDC,55.64
EBB,39.79
EAA,56.69
EEB,21.26
DCB,65.42
CCA,56.86
ADC,92.98
BEA,39.14
EEB,19.64
EEE,45.95
DDD,86.48
EDE,69.63
CDB,95.52
EDD,97.85
EBE,20.81
BEA,57.76
ACD,71.83
BBC,96.62
BBD,18.39
ADC,41.68
DAA,12.74
EBB,60.59
DBB,18.89
DAA,22.74
DCA,11.74
ABE,74.77
CAD,88.42
DEC,77.54
EDA,38.48
DDC,35.66
AAC,75.76
CCB,45.53
CBD,23.73
CCD,24.7
ECD,96.23
BCA,50.01
BCC,95.64
EDA,76.74
ADB,47.5
BDD,26.97
EED,41.31
ADB,71.56
BCA,33.1
AEE,12.54
DCC,83.04
BEC,93.58
DCA,75.22
AAA,45.55
DBA,55.86
DAB,59.07
EAE,19.84
AAA,63.52
CAB,94.26
BBD,72.2
CCC,45.12
EAD,33.88
BAB,59.65
ADC,15.07
DBC,78.6
EBC,58.13
CCE,41.65
AEC,70.21
DAA,71.3
CCD,80.92
EDB,21.88
AEB,36.72
DDE,63.79
ECB,56.67
DDA,91.34
EEB,54.65
CCB,51.5
DDE,16.12
EBA,34.38
DBD,12.99
ABA,40.24
ECB,39.42
DEB,89.72
DBD,89.05
DAA,17.12
DBD,33.72
CBC,65.54
ACB,28.38
ABA,20.24
ECC,96.92
ACA,76.5
ABB,85.48
DDC,84.37
DCD,54.43
ACE,32.76
DDB,20.74
DAE,80.36
DDB,11.95
DCA,77.61
DCE,82.79
EEE,63.57
ADD,61.25
BED,77.64
EEB,90.16
CDC,10.06
AAA,74.13
DCA,78.23
EAC,12.64
CDE,70.76
EBE,63.65
ADC,41.45
BCB,62.14
ABD,72.97
BBC,49.8
EEC,48.53
DDA,83.46
AAE,51.31
CCB,88.31
CDD,100.0
BAA,65.29
CDE,79.87
DBB,73.4
ADA,89.7
CED,75.89
DEC,34.13
DEA,99.78
DBB,54.31
EAC,39.28
CBA,37.34
EDC,13.06
EBD,10.33
ADB,42.23
CBA,17.82
BBD,24.88
ACC,91.93
DAC,78.34
AAB,60.19
AED,72.23
BAA,48.05
EBD,27.47
ADC,54.89
DCE,58.72
BAC,92.21
DAE,32.83
EDB,33.94
CDD,26.54
CDE,70.93
CAA,98.74
CBD,19.74
ADE,80.11
DBC,19.67
EEA,75.59
BDD,25.57
CBB,92.83
CBD,68.35
AEA,86.67
BAB,17.35
DEE,50.05
BEB,95.55
EDC,37.98
CCC,72.84
EBD,80.52
BBC,49.86
BBB,34.01
ACE,21.28
EAA,50.73
BBC,92.27
DDC,33.91
DCD,83.78
DCD,88.14
DDB,29.11
BEA,87.36
DDE,40.4
AAA,26.24
BDA,41.55
AAE,20.64
EDB,83.72
CBA,97.81
EDB,58.17
BAD,78.4
EEA,98.13
AAC,35.91
CCD,26.23
BAE,93.82
AAC,77.41
BCA,24.51
ACA,96.17
CBB,20.09
CDD,53.18
BCD,83.97
AAE,72.62
BCA,45.26
EDE,77.72
CEB,49.26
AEE,71.87
ECD,48.88
AEE,66.5
DCB,47.06
BBB,50.22
CAC,35.44
AAB,44.27
DEA,40.95
EDB,70.12
DAD,91.4
BDC,88.36
BED,53.87
CAC,97.86
CAE,12.36
BBB,43.09
EAB,97.35
ACD,94.17
BDE,61.05
CCC,82.86
ECB,31.03
DEB,30.02
EBE,38.42
DED,36.59
BCD,58.28
CEC,35.25
ADA,28.39
BBC,46.61
DAC,18.87
CCC,44.07
BCD,27.89
BBB,68.91
ADB,12.99
BCC,10.81
BEB,32.78
BCE,87.61
DDA,51.0
CEA,49.13
DDB,44.19
ABC,71.62
ACA,27.09
AEA,13.9
BAA,52.1
ABE,94.9
ECC,73.92
BCE,52.29
CEC,12.21
CAC,55.0
CBB,47.11
CDD,49.59
BED,50.08
CCA,40.14
AAC,37.16
CBC,18.83
AAC,32.75
ADB,23.51
DDD,68.66
BCC,96.31
DAB,15.86
DCA,94.63
CDE,45.48
AAB,37.9
ABE,79.42
AAB,68.45
ADE,54.99
CBC,45.53
BAB,67.87
DEB,20.13
DDC,21.95
CDA,14.74
BBD,55.02
EBC,70.98
ECE,28.6
BEA,83.29
DDC,68.07
DDD,43.27
ADA,97.94
CBB,52.37
BAC,96.0
EDD,90.91
EAB,43.19
ACC,30.88
EBA,16.52
BAD,21.88
ABD,97.26
CAC,91.48
ABD,25.52
CBA,68.23
ADA,50.91
ACC,73.86
ABD,29.82
CBA,28.86
DEB,60.18
ECC,66.88
DEA,45.38
BAC,19.6
BDA,10.07
BAD,76.51
ABE,82.9
DED,78.44
EEA,22.52
AAC,42.76
ACB,32.44
EEA,72.27
CBB,91.97
EBA,56.84
DBC,44.0
BBB,98.21
DDA,52.67
CED,47.98
EBE,26.63
AEE,11.79
DEA,27.52
CAA,41.99
CBE,14.56
CBD,67.21
BEB,84.21
AAA,95.39
BEB,99.92
AAB,16.7
AAC,85.6
DDC,43.72
CBD,49.51
DAD,13.02
DEB,54.07
DEA,68.1
BAE,22.77
DCE,83.75
EEC,29.21
BCD,98.73
CBC,47.12
CCA,16.92
DDB,98.15
ABC,53.51
CAC,97.41
AAD,91.9
ECC,29.32
ECE,74.09
DEE,29.07
EDB,55.64
ABA,72.6
EAE,63.82
DEA,25.27
ADB,36.19
DCA,33.52
ABB,17.38
DAD,96.07
CCD,76.59
CBD,70.98
ABA,32.47
ECE,75.36
BDD,21.45
BCA,78.26
BCC,99.35
CDD,16.55
ECA,89.13
EDD,14.81
EAB,64.76
DBB,76.72
ABB,40.45
CBE,23.79
BAB,77.17
EDE,58.36
ACD,73.59
DBA,84.71
BBA,73.32
BEE,84.89
CAE,26.47
BBC,78.31
BED,52.09
BAD,37.27
ACD,92.86
ADD,19.13
DAB,77.78
ADD,61.97
DDD,82.27
EAD,11.64
BBA,90.29
CDE,11.46
BAD,37.64
AEC,51.68
DED,79.93
ADD,24.12
CCE,53.89
ABD,93.12
EEC,22.41
CCD,63.73
ABC,81.78
ECE,34.86
EBC,14.29
AEE,66.75
CAE,75.21
BCA,66.15
ABB,66.59
ADE,52.52
EDC,68.46
EBA,73.48
EDA,79.19
EDA,37.89
DBB,64.83
DAC,96.05
ABD,15.22
CAA,94.14
BBC,62.47
BAA,72.16
BAE,44.13
DBC,35.11
AED,93.95
DCC,40.39
BDC,23.78
AEE,80.44
AEC,35.92
DDC,64.16
DEA,30.73
BDE,72.18
BCD,29.47
BAD,30.12
AEC,31.53
ACC,62.29
CEC,80.18
EAA,54.86
BBE,31.21
ADA,87.38
CDE,13.52
EAD,60.73
ACD,58.49
BDB,95.59
EED,73.23
EAC,92.24
DCB,70.86
DDD,83.01
DAA,67.41
ACD,79.58
BBA,83.35
DEE,11.92
AEB,57.89
AAD,83.13
BBA,40.57
BAA,69.36
ACB,74.32
DEE,91.91
DDA,25.6
DBB,73.64
DCE,11.19
EAD,40.24
BCC,21.73
ECD,52.09
DCA,86.3
ACC,99.7
DEC,33.96
ACD,97.85
ECC,14.93
BDC,20.26
EED,46.43
AAD,75.6
DEA,39.19
DAE,99.07
EDB,97.53
CBA,41.51
DCD,66.76
EBC,39.01
EDE,29.11
AEC,26.13
ADA,59.89
EED,66.67
ABD,30.86
ECD,57.83
ECD,67.52
CBD,45.66
ACC,67.47
DEB,21.06
AEC,56.4
CAD,74.69
CAE,21.31
CEA,79.91
EED,42.13
DBB,67.7
BCD,69.18
DBB,94.61
EEB,60.26
ADA,95.3
EEE,27.8
BEB,28.12
ADC,53.09
AEB,99.56
DAB,33.05
ABB,55.83
EDB,37.31
DAC,16.53
CCD,85.72
BBE,80.08
CDC,59.12
DDD,22.46
ACD,90.07
ADB,92.94
BBB,81.67
EBA,78.65
AED,21.49
AEC,25.62
AAA,56.15
BAE,15.51
CDB,65.32
AAD,24.49
ECA,90.3
DEB,78.01
DAA,80.1
EAB,45.85
CAA,42.62
CDB,14.21
ECD,27.57
EDC,15.94
CDC,80.02
DAA,51.77
ACD,99.06
CDB,25.99
BBE,29.25
CEC,43.53
EEE,51.77
CBB,87.25
DEC,31.78
EEB,14.36
DEA,17.06
DAD,41.21
ADE,99.31
ADA,74.02
EBE,56.87
EDD,62.88
ACA,42.7
DAC,68.49
BDA,88.86
BEB,39.33
CEB,61.7
EEE,61.14
EAC,49.49
DAC,25.31
EEB,60.55
EEA,51.89
CEB,60.1
BDC,83.33
ABD,79.48
EEC,37.34
DEB,25.51
DCA,74.92
DAC,54.06
BCA,35.94
ACA,54.35
EBE,40.8
CBC,58.3
ACB,86.67
ADD,53.33
EDE,96.12
ADC,79.28
EAC,79.04
ECE,45.07
CCE,58.89
DEA,96.79
EBA,94.74
CAC,82.66
ACA,72.61
BED,71.23
CDE,38.29
CEC,70.14
CEB,22.13
EBE,52.72
ABE,34.43
DEC,43.64
ACB,45.95
CAC,59.14
AEE,25.95
BDA,64.63
ADE,33.06
DBC,80.12
CEC,68.27
AEC,19.47
ABD,59.93
CEC,96.18
DAE,85.16
CCB,37.21
CCB,47.6
BEC,95.45
DAC,72.5
ADD,35.97
EAA,42.98
EDA,92.5
DCA,41.25
EEE,53.91
DAB,47.82
CBA,47.93
DDA,16.87
BBA,34.79
DCD,32.25
AED,81.26
ADB,52.6
ECD,68.41
BDE,76.54
BAB,26.21
BCC,44.67
ABC,39.6
AEC,84.13
EAE,80.49
BED,23.23
AED,48.93
CEC,24.1
EDD,25.75
ABC,14.31
BEA,77.19
ACD,30.51
DAE,85.82
ECE,74.45
CEC,22.1
CBE,85.28
CCA,46.61
AAD,83.58
BAC,80.86
DCA,19.81
DBD,87.36
DCA,68.1
BDC,74.04
DAE,21.19
DDC,46.26
CBE,47.36
BCA,64.25
ADA,98.92
ACD,16.08
EBD,50.31
ACE,33.78
EAE,83.71
AAE,91.19
EAE,13.11
EAA,68.97
CEB,74.13
DCB,70.82
BDA,50.52
BCA,56.37
DAC,87.03
ABA,97.13
BBE,58.37
EAC,11.18
DBC,51.34
EBE,51.85
BDE,83.88
CCB,76.82
DBA,69.31
EBA,89.62
ECA,42.43
DEA,27.24
ADA,88.4
DEE,12.83
ECB,38.38
BBD,46.77
EED,78.2
ACD,72.94
EAC,56.53
DCB,70.93
BEC,25.1
DCD,90.1
EED,98.67
ACB,55.48
DBC,97.85
BEB,94.42
CCC,31.13
EAD,26.95
DED,86.19
BCE,58.44
BDA,51.84
EBC,82.48
DCB,73.93
CDD,89.04
EBB,27.52
EEA,74.9
ADC,54.24
BDA,71.9
EAB,62.27
DAC,39.96
DBB,69.98
BEB,75.75
DED,72.03
ABB,53.68
BCD,15.84
CBC,56.74
DBD,22.17
BDE,92.2
CDA,24.06
DCB,34.64
ECB,64.67
ECD,75.67
BDA,18.59
AEC,99.84
BDC,67.71
EEC,37.74
CBE,88.9
ADC,21.19
AEA,33.93
DCC,20.98
BEC,62.3
DEA,49.33
DCD,39.37
BEE,55.42
ADD,50.18
CBA,52.62
ADC,99.58
CEC,32.65
CDA,22.24
ECD,94.18
EDE,91.94
CDC,59.74
BCC,75.4
BEB,38.52
DDA,23.4
ACA,30.39
DAA,78.48
CCE,29.88
BCC,79.66
ACD,68.76
BCB,33.65
EBE,52.48
BBA,59.18
EDE,55.62
ECA,25.64
DAA,47.97
CBE,57.04
ACD,10.67
DAE,69.0
CBD,67.23
BBE,45.34
BAB,79.4
BEB,97.56
DAE,98.03
BDB,19.54
CCB,93.12
EEC,29.97
EAA,26.32
ABE,33.81
BAD,81.83
CAA,52.46
CBD,40.59
BBA,46.34
CAE,30.78
DCA,41.63
DBB,92.49
EDE,58.72
EDD,22.66
BDA,20.46
AEC,36.31
CEE,80.63
BAD,66.85
CAE,20.08
ECB,75.84
EBD,96.83
BCD,51.21
CEA,91.06
BCC,57.23
EEC,87.3
EAD,42.2
DEE,81.25
DDC,88.66
CAA,63.84
EBA,59.41
ABC,55.0
AAB,84.33
EEE,42.11
EBD,39.99
CAC,96.68
EAC,30.36
BBC,74.42
ACE,45.54
ECC,54.19
AAB,72.84
ADC,90.53
BDE,69.87
EDB,18.69
AAA,38.04
AEC,80.22
CAD,61.37
DAA,68.69
ADB,88.53
CCB,44.39
DAB,15.79
CCD,21.61
BEE,39.79
DAE,77.29
EAD,70.69
BAE,41.05
DBE,62.95
AEE,50.66
AED,27.09
CCD,87.87
ECB,56.56
ECC,88.89
DED,30.9
ACD,34.59
ECC,26.17
EAE,21.07
BAE,93.32
EDE,64.67
DEE,28.53
BCC,59.08
BAB,46.78
DAB,83.5
ACA,27.36
EBC,28.43
AAA,45.19
AEA,35.25
AEE,92.87
BEA,13.55
EEA,50.28
EDD,87.23
CCE,79.94
ABB,47.67
DCC,71.2
DBB,92.97
CDB,85.58
CDD,54.83
ABE,20.63
BED,32.51
ACA,63.01
DBD,38.18
BDC,59.91
DBA,47.7
ABC,78.59
BDE,63.72
BCC,31.49
ADE,42.96
AEE,46.26
DEA,14.54
EAA,65.61
DCC,95.58
ABB,16.24
CDC,51.48
ADE,54.7
ADA,14.98
BAB,97.29
BDA,82.64
DEC,12.53
DAE,43.57
ABB,90.34
CDB,33.44
CBE,20.91
BCA,17.29
BDB,44.38
ACC,33.04
AAB,61.53
CEE,83.44
ABB,56.72
EBE,65.83
DCC,82.86
CBB,64.05
BEB,32.62
BBE,44.01
ADE,41.81
DDE,47.32
DAC,59.08
BDE,29.48
AAE,65.35
CBC,44.72
BBA,45.48
BCE,15.08
BCC,87.22
ABB,56.0
CAC,98.87
BED,37.2
BAA,98.49
CDE,63.02
DAA,90.71
BBE,87.63
BBD,58.27
CBC,51.7
BAA,79.56
AAB,33.67
ADC,53.95
DED,21.6
EBD,29.19
DEB,45.97
AAC,78.31
BEE,20.88
CCA,36.77
DDA,14.71
ECB,25.43
BCB,31.34
DCD,94.05
DCB,54.08
DBC,71.93
EBA,96.31
CBE,78.57
ACB,24.16
DCE,27.87
BDD,89.92
AAD,89.49
DDD,17.27
DBB,42.16
EDC,27.05
BAC,49.37
BBD,31.74
ECE,97.79
CBA,51.95
CCE,99.81
ECD,47.53
CAE,72.93
CCC,92.74
BCB,69.22
DCA,34.95
DBB,62.33
CCC,96.82
CAB,56.93
CAE,12.53
EBC,34.64
BCA,27.25
EDA,42.18
DAD,30.49
BDA,94.35
ACD,13.52
BDA,96.47
DED,64.55
CCC,26.72
BBC,43.72
ECE,77.45
CDB,73.85
BCC,22.63
BCC,76.18
ADE,23.08
DCB,52.83
BAE,55.37
BBD,64.21
EDD,30.13
DCB,20.86
AEC,95.63
DEE,23.42
AEC,94.25
CEE,30.98
CEB,98.77
CCE,29.73
BEB,66.84
CDA,35.36
AAE,74.38
CBE,93.31
BEE,78.14
CBE,52.28
CDD,73.44
ABC,85.96
CAA,78.92
BED,37.39
CEB,36.5
CCA,67.74
ACA,74.57
AEB,17.55
CDD,78.7
ECB,86.87
DBC,11.54
DAC,58.98
BBC,66.21
EEA,63.63
DEC,15.15
ECE,17.8
AED,16.38
EBB,21.17
DBE,72.53
CDD,83.51
BAB,41.05
CDD,70.33
DAE,25.58
DBC,34.44
ABA,69.41
CED,19.88
BAE,69.89
AAD,73.82
DAD,51.28
ADD,25.55
DCE,29.69
DAC,44.24
ADB,83.22
AAE,36.9
DEA,50.99
CAC,86.73
EEA,25.06
ACE,17.53
ADA,65.2
BEC,91.96
CEC,46.77
CAC,64.84
EEB,27.56
BED,13.24
DBE,53.37
EEA,22.59
BEC,84.39
ECE,11.3
BAC,24.72
CCE,18.61
ADA,77.52
CDC,77.94
DCD,83.11
EED,67.1
CAC,54.0
BBC,74.81
DCC,70.62
ADE,70.37
ECC,94.48
ABC,32.58
BCE,95.56
ABD,92.87
EAA,90.6
CBA,77.94
DAE,80.17
ADA,40.37
EAE,89.05
DEC,41.23
CDD,27.9
AAB,54.01
DCD,41.85
ACD,22.55
BED,39.01
DAA,26.3
ADB,16.92
EEC,70.49
ACE,47.63
EBE,40.55
ACC,24.45
CED,68.04
EDD,43.27
DAA,14.01
ADE,83.16
BAB,18.65
DAD,73.08
EBC,16.16
BDD,43.51
AAD,54.37
EEA,10.0
CDA,74.29
DBB,53.78
DBA,30.49
DAC,58.59
ACE,79.32
EAE,96.91
CBA,40.46
CEE,56.23
DEE,38.84
ECC,17.02
DCD,62.78
CAE,38.78
EEB,38.27
CBC,64.48
AED,16.15
DBD,91.92
DAA,45.11
DEC,58.66
BBC,66.66
AED,78.99
EED,66.45
CAE,27.83
EEC,51.84
DAA,14.73
BDC,11.09
DDA,24.11
BBB,11.32
ADB,33.72
DCB,43.47
AEE,39.8
BAB,28.71
CCE,74.97
DBD,61.36
CAD,99.7
EAD,31.81
AAB,21.21
CDB,97.3
ACB,89.69
DBD,46.46
EEA,82.73
BAD,40.4
EDB,25.53
EAE,59.22
EBA,86.83
ECD,27.66
ADB,84.35
AEC,85.14
BDD,75.46
CED,63.95
AEE,20.01
EBE,38.26
DEB,30.86
EAA,18.17
CCE,62.69
EEB,90.66
BDA,86.31
ABE,95.78
ACA,82.71
ADD,87.15
BCC,43.76
BEB,45.28
DEA,95.9
DCC,66.44
EAC,61.08
CAA,60.34
CBC,25.36
EDC,63.31
CDE,78.96
DBC,76.52
CDC,74.18
CAB,16.78
CAA,21.52
DCE,58.22
BDE,18.38
BBC,68.9
ABA,33.31
ADA,57.96
CAB,58.52
BDC,22.45
EBB,75.15
EDE,71.48
BCA,42.61
DAE,71.57
EBC,86.98
ABD,85.05
DCB,95.59
EAD,29.97
ECA,33.59
ADB,17.74
ABD,74.55
CDE,39.08
CED,99.18
CEE,66.32
BED,82.04
BBA,20.67
CBD,73.4
BAD,23.21
ABA,92.79
DEB,90.9
DDA,39.08
DAA,92.35
DDC,72.27
AEC,31.3
CBB,87.39
BEA,79.32
CCE,20.49
DEE,12.8
DBB,81.04
ECC,55.26
BBB,61.14
DBA,11.23
BCE,56.68
AAB,28.61
EEB,39.84
AEC,91.92
DDB,55.95
BDE,49.9
ADE,30.28
ACE,16.4
ECC,18.19
DCE,83.82
BBB,67.54
DDC,37.06
EEE,59.49
BBA,46.5
ADB,93.04
CAD,83.45
ECD,55.3
EED,52.91
EAE,93.49
ABA,63.8
DDD,61.35
CBE,14.71
DDB,81.78
ECC,97.95
EAD,70.48
CAB,80.29
BBC,26.4
ABE,33.56
BED,58.81
DEE,76.02
CCB,87.66
BEB,77.97
CBC,50.16
BCB,51.82
DEC,79.55
CCA,31.97
BDC,17.26
EDB,33.55
ACA,60.92
ADD,48.33
ECA,55.91
CAA,76.25
CED,69.51
ADE,66.66
ACB,85.65
CAC,18.99
EDB,79.44
EAB,39.32
BED,79.57
BEC,82.74
DBD,91.08
EAC,15.6
CEE,84.7
ECD,97.3
ACE,98.31
ECA,48.11
DBC,34.91
BDE,92.62
BAE,44.53
ECC,78.14
CCB,47.0
CDC,56.35
ABC,23.56
BDA,21.39
DBE,59.11
DDC,99.79
DED,45.54
DDA,74.35
DBC,20.31
BEE,57.54
DBE,38.91
CAD,22.13
EBD,92.01
CDE,82.54
DDC,58.59
DEE,17.55
BBD,28.85
BCE,77.53
CEC,33.21
ABC,75.44
EBE,23.69
DDE,28.58
ACB,98.04
DEE,57.51
BDD,34.96
BDE,40.76
ABD,95.21
CBC,44.37
EED,37.81
BBA,10.15
BEB,21.19
DCA,81.19
CCB,13.28
AAD,75.13
CCA,64.15
CAB,58.99
BCD,39.98
DCC,72.17
BBB,16.41
ECA,67.93
CAC,15.63
EEE,51.42
BBA,75.23
ECD,49.1
BCC,78.29
DDC,43.12
AAE,17.13
EDD,78.57
CBE,25.46
CEC,15.88
ADE,92.4
EDB,97.66
EEE,19.75
EBD,30.65
AEB,86.24
BBE,44.01
ADD,31.74
EEC,13.35
BEA,93.29
ADD,66.5
CBE,33.5
ACC,61.11
CDC,32.42
ECD,53.9
EEC,20.69
AEE,59.3
ADE,19.87
CBE,22.36
ECD,35.54
EAC,61.26
CBC,77.35
ECB,88.79
EAA,98.0
BDA,21.24
BCA,77.92
ECC,50.23
DCC,37.14
EBE,33.72
DAB,29.11
BBC,12.19
DCB,87.8
BAB,55.37
EAA,92.92
EDE,22.52
DCA,52.51
ABD,59.63
EAD,38.11
BCB,95.92
CEB,27.54
DBB,31.98
DBE,16.84
EED,37.79
ABC,71.94
ECB,21.08
ACB,93.73
CDB,91.38
AAB,46.35
CCE,26.33
ABC,81.76
BBC,10.28
AED,23.78
ECE,49.29
EED,82.05
EDA,22.68
EDB,11.16
EBB,34.21
AEE,23.49
CCD,99.64
CBC,56.44
ACE,57.03
CCD,89.02
BBC,42.5
AEC,32.15
EDD,67.03
EDB,17.21
EBA,87.99
CBB,73.72
CDA,49.97
CDA,52.87
EBB,46.72
EBC,93.56
ABB,76.49
CBD,33.3
DAC,50.96
ADB,69.32
EBC,88.37
CED,58.26
DDC,60.22
BCE,88.74
BEB,83.73
ECE,21.34
ADD,56.67
EDB,79.6
AEA,41.9
EAD,60.63
EBB,65.03
CEB,54.84
EEC,11.34
EDA,59.13
DDE,33.66
BAD,16.15
DBA,55.17
DCB,17.58
DDE,66.16
BCB,15.69
BDD,20.52
BAC,73.18
DEB,22.38
EDC,17.82
CBD,26.53
BBD,27.66
AAB,87.26
CED,65.46
CEA,36.22
AEA,40.97
EAA,33.89
CEA,55.81
CBB,51.35
BDA,70.53
BAA,12.28
EDB,27.89
ADA,85.21
EAD,59.18
CDA,55.89
BCC,12.2
BEC,29.58
EBD,92.51
DAA,43.78
AAE,34.97
AEE,25.66
BCE,51.3
BEC,59.93
AEB,55.82
BEA,62.73
EDA,73.6
BEA,16.39
ABA,62.28
EEA,59.04
DDC,93.99
AED,50.76
BEC,60.15
DCD,75.17
AAE,49.04
DED,71.98
EBE,17.11
DDA,43.35
ECA,43.89
ECD,95.46
BDD,83.81
CEB,85.0
EBA,14.39
CDC,78.58
CDC,55.57
DAB,46.49
EEE,49.45
BEB,75.36
CEA,75.16
DAE,29.5
BBA,74.76
ACB,33.64
AAA,38.29
EED,86.67
CEA,25.09
DDD,30.83
BBB,66.63
DAB,76.11
AAE,37.65
AAD,53.58
DEC,85.48
EEC,71.01
DAC,40.17
DBE,70.19
ECA,63.3
ADC,67.0
ACB,26.52
DAA,61.03
BAD,77.27
DED,28.65
BCB,91.34
BCB,96.51
ABB,69.31
BDD,65.5
CAC,10.26
EEC,78.94
CEC,86.51
BDC,71.62
BBE,93.73
ABE,15.27
BBB,84.36
CAA,93.02
ADD,85.21
ECC,11.2
DEC,21.05
BCA,79.45
EBE,81.63
DCA,39.28
CAE,62.79
CAC,28.64
EEA,86.76
AAA,93.09
EBC,95.92
BDA,16.06
ADE,58.42
DEA,36.04
DDC,15.98
BAA,85.05
AEE,17.47
BED,29.9
DDA,54.65
BEC,24.17
ECB,14.24
BDD,74.94
EAC,79.01
DAB,47.46
BCC,58.7
BAA,30.79
EDB,43.57
CBA,54.98
EBA,57.03
EDD,14.61
EBC,56.4
BAE,86.5
CBB,94.18
DBC,30.23
DDA,59.94
CBE,31.85
CEC,65.02
BDD,53.2
DED,49.68
CBD,38.44
CBC,67.74
EED,83.53
DBE,28.63
BAC,80.25
EAA,60.23
ADD,27.78
ABD,47.83
CCB,47.49
ECE,50.53
EDB,53.36
DAE,86.82
ABB,22.8
CDD,27.74
ADA,56.16
BBA,57.69
CDE,99.56
BEC,76.77
DDC,92.9
BAC,88.04
BCE,21.59
BDA,67.75
ADA,17.85
ABB,96.6
BEA,72.59
EED,43.93
BAA,21.69
BCA,14.7
EEC,71.88
ADA,75.13
CEE,51.24
DDB,56.9
EEA,12.43
BCC,86.63
CBA,46.45
ECB,25.24
CDB,37.34
CCD,73.89
BCC,47.08
BCA,60.85
ABD,98.9
CEA,46.83
DAA,15.75
CCA,29.43
DCB,34.09
BCD,23.82
DBC,74.43
CED,14.29
CDD,45.93
CEE,55.59
DAB,59.67
EBB,16.86
BDD,45.55
EDD,35.39
CDA,31.5
AED,15.78
CDD,22.27
EBA,93.77
ACE,62.96
DAA,91.44
BBE,84.23
ACB,71.62
BED,39.92
AAC,55.92
BAA,76.88
CBB,79.57
CAB,29.92
ACA,17.23
BBA,26.32
EAE,46.86
BBB,59.63
DDD,61.52
EEC,27.96
DBA,57.02
BBA,40.07
CDE,21.43
DDC,41.89
DBB,19.97
ADC,77.49
EBB,73.24
EDA,73.04
ECE,96.91
EBB,82.58
CDB,32.41
EDA,31.54
EDD,79.46
DDD,15.88
ECC,77.18
DAE,10.36
ECB,10.1
DDE,29.46
EDA,23.04
DDE,86.4
BCC,59.94
AED,64.48
EEA,55.59
BDE,72.04
DCA,79.71
BCA,38.8
CAA,20.43
EDE,16.71
AAC,93.38
BBE,64.38
CAB,54.33
EEE,41.28
CEC,80.56
CBD,26.18
EBC,53.87
EEC,60.8
EBB,82.93
EEC,59.37
CAA,39.91
AAB,32.29
AAC,28.49
CBA,70.4
CAC,30.12
EEE,23.75
EAD,56.42
EDD,71.48
DCB,92.96
ADC,86.64
CDD,81.07
ECD,61.54
DDE,55.61
ACA,93.61
CAB,22.63
BEA,10.34
CEE,10.38
DEC,22.02
DCE,55.34
BCE,61.35
ADB,81.23
CEB,33.74
BAA,92.02
BAA,66.66
BEC,27.8
CAD,14.55
EDA,53.35
EBD,38.18
EBD,38.26
CAD,75.66
BCA,86.51
BBB,72.91
ADA,97.14
DAD,99.54
DAD,48.52
CAB,54.09
CAB,12.76
CBC,52.99
AAE,57.36
BAC,90.15
EEE,64.98
BBD,20.24
BBD,87.09
EEA,65.49
BEC,73.48
DEC,89.4
AEC,77.92
EEC,95.24
CCC,46.53
ACE,25.11
ABB,87.64
BED,71.03
BBE,45.85
EBD,26.02
EDD,74.19
EDE,59.81
CEE,33.67
CBE,94.85
DBC,28.54
AEE,21.47
BAB,68.12
AAE,24.7
DEC,75.09
EEB,80.44
EBA,42.53
EAE,37.0
BCA,82.16
DAD,93.98
CBC,56.4
DCA,99.1
CBA,85.34
ACB,85.75
DBA,43.45
BAB,27.66
DDD,74.7
EBE,74.73
EDC,42.73
CCC,71.99
EBA,16.55
BDD,34.44
DAD,99.03
CAD,73.09
CAA,23.53
DCA,92.28
CDE,70.41
EEA,60.88
BDB,73.43
ECB,92.6
EBE,12.0
EBD,13.57
EAC,48.41
CCA,48.88
BEA,56.62
CCC,99.4
DCE,62.88
DCB,90.77
EDE,66.65
ECB,76.15
ABD,10.98
BCE,69.32
ECA,45.09
CBB,25.04
BBD,35.44
DBE,93.45
CCD,43.78
ADE,34.89
CDC,71.87
CAD,94.58
CDA,89.62
EAE,23.0
DEE,97.01
BCC,60.79
BED,69.03
DBA,20.87
ABE,59.34
ADA,40.89
BCB,10.96
AEA,70.41
DAC,72.07
DED,71.66
BDC,10.35
DBE,64.97
CCD,53.53
CCA,86.75
ADE,22.59
EDD,63.45
AAD,66.06
ADC,70.96
ABE,14.49
EAB,75.0
EAC,51.48
DBE,62.96
EAE,92.3
ECC,68.05
BAA,58.57
CAC,56.5
DED,38.08
BEB,82.49
ACD,19.87
BDE,41.67
BCC,15.88
CCD,24.38
DDC,56.78
EDB,31.72
BBB,58.31
AEB,75.47
CCB,74.31
EAC,69.5
BAD,76.28
EBD,87.24
ECB,44.71
CAA,50.67
ECC,25.19
CBA,17.63
AEB,61.35
EBB,14.93
CCB,33.59
BED,28.91
CDC,42.46
EDD,46.5
CAC,26.62
BDC,52.98
CCA,52.84
CEC,48.58
BEC,80.4
EEE,53.15
CDE,80.12
BEB,21.28
ACD,37.78
DEE,25.15
DCD,72.98
ECC,97.76
CEB,57.86
AAA,60.44
BAD,17.37
DEB,84.99
CBB,23.77
BEA,98.71
BBC,22.67
CCA,59.43
AAC,44.06
BEC,45.53
CAB,34.98
DDC,26.72
DAD,12.16
BBA,73.86
CCB,81.39
CDD,72.36
CDB,55.35
ADC,53.1
DEB,31.08
EAA,24.16
DCA,39.51
ECE,95.71
BDD,29.02
EDE,91.03
CEB,39.78
ABE,11.34
ACE,53.66
EEA,61.03
CEB,70.58
DEE,27.18
DAC,98.13
BCC,51.97
EDE,88.73
CBD,53.39
DCE,33.53
DBA,45.7
ACC,16.48
EDD,30.87
DEC,77.06
DBB,42.73
CCB,24.43
BBE,66.13
DBB,78.65
CBA,62.23
CAD,95.88
ACC,99.95
ECE,19.5
DDE,97.96
ABA,47.12
DAC,47.92
EEC,58.01
DDC,27.99
CBE,42.69
BEA,68.78
BDC,42.27
BEE,28.43
BCC,17.29
ACA,23.79
DEA,78.7
BCA,92.56
DCA,17.63
AEB,22.56
CCE,83.67
DCA,79.79
DAA,33.46
BAB,24.15
CDC,10.63
BAD,24.02
ECD,35.43
BAD,28.81
BDD,54.3
BCD,87.4
DCA,38.37
EEE,85.54
CDC,49.82
CCA,23.4
CBE,52.51
CAE,21.96
ADD,92.45
CCC,91.46
CEE,54.92
EAC,45.91
DBB,40.61
AEB,78.79
BBA,21.9
EBB,45.6
BCA,45.49
DBD,79.64
ACE,30.64
CEB,43.58
BAB,84.85
ABE,57.46
DDA,48.27
ADB,77.32
BDB,45.75
BDD,15.75
DAB,62.2
BCC,70.35
BDC,97.54
BDD,23.89
ACA,48.08
BCD,65.26
DBE,55.9
BCA,32.64
AAD,30.65
AAB,45.0
BCD,88.46
BCC,49.03
CBC,57.42
ADD,98.81
ACD,26.72
EAA,37.53
BDB,65.12
DCB,71.02
ACC,69.52
BBC,77.29
ABE,75.27
CCD,88.32
EDD,20.66
EEA,59.26
BED,70.55
BAE,70.52
EED,68.47
CEE,67.52
EEA,76.4
CBC,66.48
ABE,59.54
ADE,59.99
EEE,63.41
EAE,98.76
DBA,50.17
ECC,43.22
BCB,48.73
CBC,96.86
DEA,48.23
DBD,56.51
DED,88.35
CCE,95.12
CCA,64.58
ACC,96.88
AAE,57.28
BEC,25.6
EAE,70.81
BAA,27.03
ECD,94.63
BDD,98.01
EBC,20.58
EBD,57.82
EDA,49.57
CCA,47.51
BBA,12.93
ACC,83.95
DDB,47.61
DAC,47.79
BDC,72.08
ACB,71.85
CCD,97.61
BCB,83.93
EBE,31.7
BDD,91.66
AAD,60.91
BCB,26.53
DBB,89.85
EED,62.85
DAA,26.27
CBB,99.07
CEB,22.5
DEA,16.35
AED,76.27
AEC,11.55
DEE,16.66
AAD,19.44
BDD,18.89
ECD,72.81
DAC,55.12
BEA,18.11
CBD,35.73
ECA,83.61
BCE,89.58
AEA,27.98
DBC,27.81
BED,90.92
EBC,76.41
CCD,35.67
DDB,53.67
CDA,49.59
CAC,24.55
BEE,17.91
CBC,51.96
DDB,12.25
BDC,46.7
AAE,30.66
CBE,12.91
CDB,95.9
CCC,86.31
DDB,29.96
DAD,79.42
BAC,30.18
ECC,18.03
BDA,35.68
DAD,49.65
EAE,59.7
DAE,72.63
DAD,50.5
AED,29.52
DDA,13.15
EDB,82.07
DEC,69.11
DBC,52.11
CBE,27.53
DAC,35.31
CCC,29.02
ADC,40.59
AEA,42.79
DCA,60.88
CEC,29.05
AAB,89.17
BDD,65.79
ABE,64.86
ABD,57.86
BEC,32.41
BCB,91.89
ACE,46.83
EDA,23.25
AED,77.92
DDE,44.9
BAD,13.98
BBC,14.65
AAB,39.19
BCD,50.7
ACE,70.23
EDD,53.56
EEC,58.57
CBD,81.12
AEA,20.1
CEA,86.62
CDB,62.1
BAD,26.93
EAE,51.18
DDB,42.43
CCA,23.5
BBE,37.24
AEC,52.89
CDB,87.97
ADA,29.3
BEB,48.27
EBB,91.43
EDD,68.04
CDA,59.87
BEE,26.79
ECC,93.1
BBB,60.79
CDE,36.39
EBD,10.59
DBA,92.16
ECE,57.52
CED,13.24
DAE,28.14
BEA,78.13
DBB,93.31
CDA,59.47
BAE,66.4
BEC,16.43
BAC,34.02
ADD,50.38
BBE,13.53
BCA,48.73
ADE,38.55
CAA,14.78
CAA,71.63
DCD,92.98
EBC,21.03
ABA,94.0
ADA,43.9
DCA,45.81
EAD,42.81
DAE,47.54
BBA,42.48
DAB,83.85
CBE,30.65
DEB,57.33
BBD,64.36
BBC,55.58
CCA,40.62
EBD,11.5
BCE,24.85
BCB,46.61
DCE,98.13
DAE,33.82
EAE,99.74
CCD,18.43
BEA,75.05
ADA,82.16
CEA,13.87
EBB,47.93
CDA,22.92
DAC,20.6
BBB,36.68
BDC,15.58
DAC,63.76
AAD,65.18
EEA,88.96
BDE,59.05
CDB,60.51
DEA,53.52
DCA,28.57
EEB,82.09
DAB,21.27
DAA,58.85
DED,74.57
DDA,68.3
CBA,86.67
BDA,49.68
CBE,30.76
BEA,24.13
BDC,44.5
AEB,43.75
CAC,58.74
DDA,90.35
DAB,76.94
DDA,18.97
DCD,59.02
ACB,83.4
BCD,73.19
ADB,85.42
BBD,69.07
BDA,10.32
DEC,33.79
BAD,46.49
CBB,77.48
ADE,38.6
ABD,71.27
CEC,44.02
BCA,28.56
AEB,72.88
CCB,77.28
ACB,25.73
AAD,59.89
CAD,13.09
CDB,40.06
BCA,55.99
CEA,18.72
EEA,14.1
DAC,52.28
BAE,96.74
AAB,43.1
BCE,17.43
ADE,39.42
AED,71.48
DCA,21.88
EAC,99.63
DAB,80.99
EEB,78.13
BCA,10.15
ADA,11.15
ACB,94.55
DDD,11.13
CDA,13.3
CDA,39.87
AEE,83.98
CEE,15.17
CAA,18.96
DDE,69.4
CCE,94.58
CAE,97.12
CCD,13.85
DED,82.98
BAD,45.35
ABA,97.96
BBC,26.67
ADE,26.85
AEC,83.96
BDA,54.72
CCA,41.88
CEC,73.84
DEE,97.25
AAE,58.49
ADB,26.85
EAB,74.83
DCE,74.9
BAA,68.25
EAA,64.88
EAE,36.25
DEC,99.01
CCC,78.9
CBB,67.33
AEE,61.77
CEC,86.98
DDD,43.48
BCB,15.23
BCD,54.77
BDB,50.97
EBE,34.57
DCA,99.69
CCA,43.13
CAC,78.21
CBC,68.52
CEE,94.59
CAD,89.68
EEB,80.51
BAA,25.76
CEA,83.57
DAD,44.48
CDE,27.67
ACC,48.92
ABC,25.23
ACC,83.03
CBD,49.2
BAA,73.96
ABE,49.89
AEC,73.8
EEA,77.16
DDD,43.17
EDE,42.66
BCA,65.2
DAE,50.7
AAB,47.38
CDB,99.95
BCC,55.26
DAA,79.84
CCE,80.44
CED,44.84
ADC,50.76
AEA,17.92
ACD,96.5
BBA,66.32
BDA,36.89
CCE,74.56
CBA,34.62
BBC,27.6
BDE,69.28
ADA,57.81
CCB,19.02
DEB,68.65
BAA,38.71
BCA,88.39
AEC,27.61
BDC,78.02
DAD,81.06
BEC,28.75
CEC,71.24
DDE,31.86
ECC,25.13
DBC,79.91
DDD,66.47
CBA,65.64
EDD,99.9
BCB,47.23
EDC,75.3
BBC,81.22
DAE,51.8
DEA,77.14
DEE,62.54
BBB,94.39
AAB,15.24
CCA,56.4
CCD,24.04
CAA,17.07
CBC,82.77
DBA,27.49
BBE,60.1
CBA,37.61
AEE,63.89
ACB,18.58
DCC,18.3
ACC,49.15
DDB,33.32
EBB,53.7
BDD,24.79
DAC,43.43
CDB,10.42
CDE,37.66
CDC,38.1
ADC,18.51
BDC,29.99
EBD,12.5
ACA,10.75
BED,52.56
ABC,32.1
EEC,39.91
EAB,33.41
ABC,61.33
CCD,12.74
DBC,16.59
ADB,79.74
BEE,11.94
CCB,13.16
BEE,94.72
BBA,90.9
AED,31.86
ECC,96.62
AED,61.53
CAA,18.96
ACE,15.82
ADD,37.72
DCB,76.6
ECE,33.09
ABA,75.0
ADC,38.08
DDC,18.5
DED,53.94
DBD,28.69
DDD,78.89
CAE,65.44
DDC,27.35
BBC,99.18
CDD,21.08
CAA,45.32
ECD,74.13
EDC,78.35
DDB,56.8
EBE,84.27
EAC,98.42
DBB,19.32
CDB,31.45
ADA,96.21
AEE,77.98
EED,80.34
ABD,83.02
AAA,55.36
DCB,44.04
ACE,68.36
BAE,18.46
DCE,91.97
EDA,40.24
AAA,93.46
CCA,87.34
BDE,98.37
DBB,59.47
BDD,50.57
ABD,98.67
DDD,32.86
CCB,33.31
BDB,71.83
DCD,89.34
AAB,55.96
DAB,15.17
CCD,87.26
CDC,36.66
AAB,82.51
CDE,82.92
DAD,78.04
ECC,63.03
CBC,95.92
ACA,45.17
DEE,10.57
BDB,35.44
EBB,32.1
AAD,15.73
AED,60.6
AAE,92.8
ECA,36.24
CBB,54.54
BEC,45.09
CCA,81.67
BDA,45.78
DBD,70.71
CDC,11.51
BBC,52.38
BEC,60.91
EEB,19.47
DAB,89.17
EAE,94.58
ACC,27.67
CBE,72.38
DCA,23.63
AEA,54.25
CDD,95.21
AAC,72.5
EEE,81.8
CAA,65.6
EBC,85.57
BCB,33.38
DDE,26.23
BCA,42.85
EEB,95.52
DEB,74.4
DDB,96.53
BCB,24.42
AAC,14.8
EBA,59.3
AEB,90.84
BDC,30.72
ACB,70.94
CED,67.29
DDB,96.77
BAC,92.23
DBC,13.05
CBC,92.81
CEC,73.83
CAE,49.74
EAD,95.71
CCA,70.4
BAE,74.66
DEA,89.57
BAA,38.31
CCE,43.48
DDE,83.68
CCC,14.33
BAD,76.67
ABD,18.02
CDB,26.4
ECE,34.13
BCB,27.28
EDE,78.4
ADC,42.31
DAD,51.32
DBB,90.61
BAA,18.93
EAB,17.0
CEB,41.44
CBC,41.39
CDB,63.22
EBA,12.07
DBA,20.44
BAC,24.22
EEE,45.74
EBE,55.5
CED,72.66
EBE,27.11
ADD,43.6
CBE,46.26
CBA,14.71
EEB,96.42
DCC,52.59
EEC,45.64
ECA,64.22
DEA,15.63
EDA,87.61
EAB,40.04
BEB,61.72
DAB,49.03
DAB,91.81
BBB,26.03
CAB,51.85
EEB,63.12
AEA,28.01
ABD,30.61
EDE,97.34
BCB,24.63
ACE,59.72
DBE,61.13
DEB,56.24
ADA,78.28
AAB,37.27
CBC,56.46
CDC,45.66
DDE,65.16
ADD,27.85
AEB,64.58
ADC,69.21
BBB,39.24
ECD,47.11
ACE,41.52
CAD,65.96
ABE,90.5
BDE,63.39
BAD,40.61
ADA,45.08
CEA,43.82
EDA,48.57
CDD,79.49
AEC,29.9
CAD,18.65
CBD,38.91
DAE,96.08
EBA,71.59
AAC,86.64
BDC,22.36
BCB,13.44
ADB,37.49
BEC,45.45
DAA,57.21
EDA,15.63
EBE,84.5
EBA,73.57
BEE,89.64
BCE,73.69
EAB,99.67
DCB,65.22
AAA,54.66
CDE,12.83
DBC,80.08
EBD,25.15
CCB,70.97
DDE,97.7
CEB,28.7
BAD,88.24
ECC,56.94
BDB,90.54
BBC,81.97
CAD,99.98
AAC,57.59
ABA,58.46
DBD,66.21
EEE,38.61
CCA,23.06
CCA,42.48
DBB,46.21
DCE,45.3
ADB,36.9
AAE,81.63
BBE,11.93
CCD,19.85
ACE,74.27
EDE,11.57
BDE,60.97
AAE,87.81
CAD,29.69
BBD,22.81
ABD,18.98
CBB,91.4
EBB,46.79
EAA,22.46
CAE,19.1
DAE,97.67
EEA,32.62
DAA,80.51
DEA,75.93
ADC,77.92
DDE,31.09
EAC,20.63
DEE,79.55
BDB,73.99
CAE,41.93
DAB,49.27
ECB,16.77
AAB,42.5
DDA,90.29
EED,42.23
BDB,51.33
BBE,88.86
ACD,41.62
ADE,89.82
DCD,25.93
DEB,24.8
CCE,26.05
CEA,29.06
CCB,10.2
ECE,87.14
EAB,77.1
BEC,89.25
EDB,47.3
DAA,21.41
BAA,99.65
CDA,49.67
EBD,59.24
DDE,42.79
CEB,61.46
EAA,65.04
AED,30.46
EBB,31.03
CEA,32.09
CAC,29.13
CEB,77.7
DCB,23.66
DBC,36.19
EEA,61.96
BEA,30.57
ACD,30.0
ABE,63.32
ACD,77.08
DCB,84.88
AEB,47.36
EBD,38.01
CAA,29.86
DDD,50.87
BDA,37.72
CED,45.53
EBB,90.78
BED,37.18
EDC,88.99
DBA,12.21
DBC,82.15
DDD,13.08
DEE,42.54
CDE,16.81
ADD,56.2
EAE,92.74
DAC,96.41
BBD,31.15
DDB,67.15
EDA,70.44
BDA,91.89
BAA,65.26
ADD,11.71
EEC,50.19
CBC,64.25
EBD,33.09
BAC,43.63
BCB,45.45
DED,89.72
BBA,73.54
ADC,31.6
EBA,22.34
BEC,95.05
ACE,60.93
EEE,22.96
ECC,94.65
DBD,82.14
DAA,47.59
CED,58.89
BDD,24.7
BBD,61.26
BDB,86.11
DCD,69.19
EEC,65.33
ECA,14.27
BEE,16.9
AAC,39.96
CAD,23.78
BCB,40.61
ABC,44.73
CBB,49.83
CBC,65.3
EDD,66.76
CDD,69.19
DDD,64.03
EDB,70.18
ECA,29.57
BDD,29.63
BDD,12.69
EDE,53.46
ABE,26.66
CEE,39.87
CEC,65.87
EDB,63.48
EAE,47.91
DCE,38.09
DBA,55.41
DDE,90.77
DDD,42.0
AEC,62.41
ADE,63.15
DAC,87.61
ABC,29.81
CED,77.99
AAE,94.89
AEC,60.54
EAA,56.67
EEC,79.78
DBC,58.89
CDB,75.19
BBB,60.55
EDA,90.08
EAC,18.06
CDA,12.77
BCE,82.8
ABD,96.26
CBA,90.86
EAC,35.32
DCD,96.51
BCC,83.31
DCB,30.73
ACC,85.13
EED,19.32
AED,21.42
DCC,52.06
EDD,56.97
CAA,14.3
AAE,74.7
ADC,74.31
ABE,90.26
CBC,85.44
EEB,60.52
CBA,32.12
ADA,44.39
DCE,79.94
AEA,23.39
CBE,88.83
DDD,82.11
AEB,56.83
BEB,82.55
EED,53.32
AAD,65.27
CEC,19.16
DED,67.78
CDD,79.36
AEC,91.66
BBD,39.13
ABD,86.95
EDE,16.39
DAD,73.9
ABA,55.39
EEE,35.49
CAB,60.24
BBE,20.99
BCB,30.28
CDE,62.07
ACD,46.39
DCA,75.97
EAD,98.54
CCC,42.55
EBA,37.5
CCD,71.33
BDA,14.85
AEB,20.19
BAA,10.14
BBC,44.22
EDE,48.33
ECD,82.59
EBD,74.92
DAD,67.28
CDC,76.77
CED,68.75
ECA,66.95
BCD,18.66
AAD,67.79
ECA,16.23
DBA,53.95
AAE,78.72
DBD,86.37
ABE,57.08
BEB,78.09
CDE,52.49
ABE,45.59
EBA,35.49
BDB,37.92
CCD,99.63
ABA,99.67
BAC,78.85
BDE,41.16
DCA,92.96
CED,59.83
ABB,96.97
DEB,36.04
DBB,22.8
BCE,42.16
BDB,25.25
DCA,98.47
BDE,67.45
AEE,10.21
BBA,86.62
CCD,61.63
DCA,66.69
AAA,36.57
DBD,62.1
DDD,68.9
ECE,26.91
ADA,10.56
ACB,32.59
CCB,57.72
DAD,20.1
CEA,39.01
BEB,48.53
ADE,51.26
BAD,43.09
CDA,62.55
DCB,11.74
BAC,90.05
BDC,24.03
CDD,91.58
CEB,51.82
DCB,36.72
ECC,45.55
DDE,61.49
BDB,19.39
CEB,43.18
EDA,81.16
DBB,76.47
BED,45.84
DDE,34.2
DBC,87.22
EED,22.03
CDD,18.09
ADE,79.67
DAE,11.07
ADE,98.22
DCD,58.12
BBB,12.69
AAE,73.46
CBD,85.3
BBA,91.64
ABE,41.91
DEB,14.83
EEC,26.52
BAE,86.04
CEA,32.64
BCE,66.94
DBC,63.83
EDA,35.87
BDC,56.32
AEC,29.9
EDD,60.05
EAE,44.17
CEA,76.21
ABD,67.81
ECB,10.06
ABD,27.67
EAE,41.6
CBC,12.9
DAD,83.64
CCA,41.78
DEE,82.87
ACA,57.94
ABE,36.96
AAB,90.86
CBE,98.8
EDC,38.2
DBC,77.26
DAB,13.34
DAA,71.12
AAD,93.15
BBA,63.2
DCB,78.74
BBD,25.55
BAA,56.24
CCA,45.47
BBA,54.66
CCB,99.7
CEE,64.32
DEA,41.02
CDA,30.83
CEA,13.81
CCC,55.04
BEB,60.54
EDB,57.62
BEA,77.45
EEC,16.42
EBB,65.21
ECE,49.64
AED,60.49
CDC,64.68
BCA,86.75
CAE,96.5
BDD,45.05
ACE,81.29
ADC,12.21
AAD,79.58
EDA,33.52
EBA,85.63
CEC,71.82
ECB,46.43
AAA,80.49
ACD,75.31
EEC,12.58
BDA,32.12
CEA,21.98
AAB,70.29
BAE,12.11
AAC,32.28
AEB,84.28
BCA,97.72
DDD,59.73
AAE,74.55
DEE,36.19
ECC,78.31
AAD,94.33
BBE,55.88
BBB,66.27
CDE,64.08
BBE,95.21
CEE,88.16
ABC,15.1
ECD,76.96
CBA,32.62
BAB,97.02
DCE,46.38
EAB,89.01
DBA,94.35
DCD,96.8
BDB,54.75
ABC,54.99
AAA,72.77
ABB,45.99
BAD,71.32
AEE,15.39
BEA,33.41
EDC,45.82
EED,71.12
DAE,61.58
AAD,99.46
CDC,38.2
ABB,29.08
BAE,17.61
CAC,93.71
DAA,21.45
ABA,67.15
DEC,60.88
BEE,60.87
CBD,38.37
CBD,15.25
DEC,68.99
BDD,20.97
DEA,52.98
AEE,83.14
EEE,15.7
AEA,74.24
CBE,64.98
DBC,34.9
BAB,48.41
ACD,44.62
DBB,12.16
ADB,86.42
EDA,93.15
BCB,54.09
CAB,59.52
ECB,50.62
EEA,41.95
DAC,70.82
EAD,41.83
BEE,30.82
BEB,47.34
AAA,92.25
ABE,36.07
DED,42.39
BBE,80.27
DAC,54.85
DAA,92.0
EAE,55.35
AEC,42.2
CEC,22.8
CDC,78.99
CEE,93.67
BBD,42.84
EAE,88.53
CCE,28.17
EBA,61.55
DDC,71.51
EDC,20.44
EDC,89.35
ACE,91.89
DEB,67.34
EDE,72.21
ADA,93.34
BDE,92.09
EEE,83.59
AAA,95.75
ACB,50.06
ACB,42.56
EEB,93.66
DBE,20.57
ADD,35.14
CAD,52.32
DCA,57.18
EBE,43.84
EAE,38.09
BCE,84.08
ADD,54.51
EED,27.28
BAD,66.34
EAA,61.27
EAC,45.66
BCC,30.56
EBC,99.17
CAB,68.8
ADB,93.54
DEB,29.05
EBB,53.8
ECB,35.32
CBB,35.18
CCC,15.73
ABD,57.62
CDB,82.55
EBC,26.7
CEA,64.89
EBB,17.29
BCC,85.18
EAE,12.47
ACC,75.45
CCE,19.64
AAE,38.53
EAB,44.88
BCB,57.14
ECC,82.84
BDA,39.19
EEE,20.41
CBC,22.58
BDE,86.22
BDB,15.54
BCA,28.52
CDB,16.42
DCD,76.26
ECC,88.7
BEA,21.06
EEA,33.54
AEE,61.57
CCD,87.32
BCA,55.04
DEE,27.91
BCD,59.2
EED,27.59
BCE,76.02
BDA,88.83
ACE,77.5
CEB,26.92
CBC,98.9
EEB,42.91
EEC,85.72
CBB,42.38
EDA,74.52
EEA,97.78
DAE,37.12
AAB,65.5
DCE,87.38
EAB,87.31
DDA,29.85
EAD,98.41
DEA,86.56
EAE,82.42
CBE,51.26
EDC,76.54
BBB,16.35
BEB,90.47
CCD,29.45
DAB,98.61
DBD,44.85
DBC,42.55
ECE,42.69
DDD,20.44
DCE,32.37
ABA,83.0
DCC,96.44
BDB,25.88
ECD,62.17
DAD,61.33
BCE,67.77
CCE,69.79
DAC,88.03
CAA,13.03
ABE,35.57
DCC,42.28
ECA,43.76
ECD,68.34
BBA,27.99
DBA,16.49
ADD,45.8
DCB,36.02
CDC,45.22
CEA,23.04
BBE,14.37
EBB,47.09
BDC,27.84
BBE,57.3
CDE,59.38
DBA,66.69
EDC,56.41
DDD,42.13
ABD,20.39
CDA,44.39
BEE,75.95
AEC,50.34
EAD,34.7
DDA,77.54
CBC,31.27
AEB,82.9
EED,92.87
BCB,36.91
BCE,65.68
BBE,84.82
ECA,54.59
DBA,10.53
DAC,23.45
ACB,94.54
EBD,48.57
BAE,54.91
ECA,19.64
AEB,66.44
DBA,57.35
BCD,96.54
DAA,25.61
ABE,63.13
ADC,94.01
DDE,58.97
CDE,80.95
CBE,21.63
ABE,72.09
BDA,13.46
CCB,66.87
BAB,16.12
EAB,60.02
AEE,46.42
DEB,39.5
CBB,63.2
BCC,90.9
ADE,88.12
BBA,58.42
EBB,68.35
DCB,86.05
ACA,80.54
ABA,14.72
BBC,13.26
CED,66.72
CBA,33.5
EDE,52.13
DCB,91.56
CCE,26.48
BCC,89.45
CBB,98.19
DBA,58.28
DCA,35.57
ABC,94.35
EAD,47.54
EDA,76.33
EEC,32.79
BEE,55.33
BBA,12.09
BEB,87.3
CCE,91.98
CCD,32.65
CDA,69.82
ABC,89.05
ABE,32.32
AAA,51.93
CCA,56.36
CBE,55.86
CBC,58.66
EBE,47.37
EED,25.55
BAA,97.5
ADE,21.55
EBD,93.35
BDA,85.74
EDE,28.82
EDA,18.52
CBB,69.76
BAE,80.44
BDE,82.04
ADE,93.53
ADD,68.61
ACB,93.2
ACE,55.21
BEC,78.55
EDB,26.95
CCB,30.11
DCB,77.57
CCE,52.46
DAC,20.79
BCE,80.64
BDA,44.94
ECD,82.82
BBB,15.72
DBE,68.58
BDB,37.94
EAD,12.72
DCD,99.62
DCA,40.14
EDD,81.8
ABE,69.92
EBB,43.02
CAC,20.3
BDC,31.13
DBC,39.51
BAD,94.88
ADB,48.63
BEC,54.59
EBB,39.04
BAC,14.37
EAA,64.0
CEB,69.54
DBC,10.41
AED,81.38
EEA,72.31
DBC,48.69
CBB,81.89
CBB,95.48
ECA,19.16
CAC,33.52
DEE,36.45
ACB,27.69
ABD,48.55
CCA,96.97
CAB,29.78
DAA,62.6
BED,93.56
AAE,34.31
EAB,51.58
BAB,20.24
EEB,51.01
DCA,69.18
AEC,70.11
BCD,53.76
BDE,69.54
AAA,37.73
ECB,27.72
AAB,35.78
BBC,30.06
BDD,47.37
AAC,25.93
BCC,71.45
CBE,33.93
BAE,40.51
ECB,69.76
ACD,20.79
CDE,17.54
CBA,22.65
CCB,69.39
CAB,92.83
DEA,59.39
DCE,90.27
ADA,13.67
BEC,52.76
CCA,60.32
EEA,78.58
ADC,99.41
BCE,91.48
EEC,15.41
EBD,54.43
AAD,84.61
BBE,90.66
BAA,95.99
BEC,45.48
DCA,28.89
BCE,78.98
DCE,75.77
EDC,44.05
BAB,63.84
DCD,13.06
BBE,70.19
EEB,50.95
BBB,31.46
BCA,12.74
EDB,96.59
DAB,59.55
ECD,72.98
BED,52.66
ADE,34.39
BAD,36.33
BDE,48.56
EBE,52.38
DED,29.25
BDD,24.68
DBD,42.26
BDD,28.88
ECE,41.04
BEE,12.74
CAC,99.56
ADB,56.75
CBC,35.24
EBB,58.41
ADC,82.76
AAC,99.31
EBE,49.16
EAB,51.24
ABD,15.66
BEB,73.59
ADC,17.87
BAA,17.57
EED,14.93
BCE,82.56
ACC,15.51
CAC,10.74
CCB,99.69
CBC,99.89
ADB,67.45
EAB,66.63
ECB,55.04
CEB,86.18
BEC,44.67
EDC,64.88
DCA,14.63
EBD,50.88
AEE,99.94
CBC,55.79
AEE,11.96
CEB,62.35
CCE,65.59
ECB,94.34
EAB,37.43
AEA,92.25
DCE,24.42
DAA,26.28
DAA,28.76
DAA,11.56
DCC,80.44
BDE,47.15
DDB,19.47
DDA,77.55
EDB,61.4
CCB,68.55
CCC,84.87
BCC,96.77
CED,58.61
ECC,89.29
EBC,95.68
CAB,23.7
AAD,76.95
CCD,72.39
DCB,42.67
BAE,81.57
ECE,42.21
EEB,85.53
AEE,26.18
BDC,32.39
AAB,92.15
EEE,70.12
DEE,21.42
CAD,14.87
DAD,27.91
CEC,22.81
CDB,13.52
DAD,59.97
BBE,33.4
CEE,68.67
EBC,42.97
BAE,78.74
DEA,61.7
EBE,40.53
DDC,26.84
DAC,47.31
AAC,70.19
ECE,29.22
ACC,85.41
AAA,64.32
ABC,94.18
CBA,64.09
EEA,45.32
CDD,62.54
BDC,31.68
BEE,12.32
BAA,87.98
EEE,74.93
EDB,50.86
CAE,41.73
BED,49.08
AAA,39.75
CDB,79.86
BCC,46.97
ACA,40.38
AAE,60.35
DAD,34.26
BDA,84.01
BEA,53.48
ADB,48.08
CDC,25.19
DEA,95.53
ADC,41.01
BCD,88.74
EDC,46.31
EBA,57.24
EAB,14.37
DCC,84.79
CEA,64.4
DDA,75.52
CBA,31.83
BDA,91.01
CAA,86.17
EDD,15.05
ACD,10.43
DAB,41.56
ACE,61.16
CDA,51.85
ADD,47.39
ADA,44.77
BCC,40.01
BEC,54.55
CEB,48.58
BCE,69.95
BBE,52.6
CEC,33.09
DEA,90.57
BCB,81.54
BBA,53.5
EDB,19.58
DCB,72.36
CCD,19.36
DCA,85.56
CAA,35.45
DCB,90.09
BCE,38.16
EED,44.15
CEB,14.25
BDB,82.73
BEC,14.99
AAA,17.21
EBE,13.37
BED,17.05
CED,41.58
DDB,63.9
EDD,77.71
BAB,53.81
CCE,49.74
BCB,44.41
CDC,39.39
EAC,79.78
ABE,47.39
ACD,80.81
AAA,44.9
AEE,71.78
ACB,62.56
BBC,89.61
EAB,34.61
DCA,98.4
CCA,75.99
ADC,44.16
BBB,31.88
DCD,33.81
CBE,59.49
DDD,59.61
ECC,33.24
DBD,60.91
EAB,73.15
EBE,44.22
BBD,79.09
BDC,76.96
ADC,39.68
CBE,44.2
CDD,38.62
CDD,53.13
BEB,23.01
CDA,43.86
EDD,21.91
BAD,19.06
DEA,10.62
CCD,83.13
CBB,34.02
DCB,96.46
BDA,35.98
DAE,42.7
BBC,92.53
EEB,28.58
EEB,83.76
CEC,72.93
CDC,28.39
CEC,91.75
CBB,86.05
CAC,21.33
EDD,62.03
DEC,40.08
BAD,49.1
DEC,31.58
AED,98.06
BCC,44.12
BBB,45.62
EDB,83.09
BBD,78.6
EDD,14.65
DCC,74.77
DBE,79.15
BBB,89.41
DAE,15.37
BBE,72.88
CAB,44.6
BBA,88.36
CCA,91.22
CAB,70.35
DAA,79.81
BBA,80.74
EAD,36.1
BBD,84.47
CEA,67.45
BBC,37.05
CEB,42.34
CED,77.47
ADC,81.43
CAE,88.03
BDD,80.33
BCC,27.57
DAE,90.71
BCB,44.88
EDA,86.63
CEB,69.62
DCD,38.19
BAD,17.36
ACA,74.36
EED,72.83
ECE,43.46
ABD,56.64
CCC,52.42
EEE,24.89
BEC,82.3
EBB,65.91
CAC,74.41
EDD,88.16
ECA,67.3
ACB,29.93
ABA,49.16
BED,21.08
CDA,42.03
BBD,64.26
BCA,44.12
AAC,65.97
AEA,71.62
BEA,23.06
BBD,59.78
ECD,15.47
EDA,87.09
BBB,69.22
DCE,31.98
EBA,96.44
EEB,93.43
DCB,41.94
DDB,14.6
EAC,50.01
BDA,16.18
AEC,19.31
DCC,73.06
AAC,55.86
DBC,42.04
BCA,89.09
CCA,78.57
AEC,98.71
EBB,56.74
BEA,88.7
BEB,61.89
CDD,63.41
BBD,14.22
AEB,94.42
ACB,94.1
EEE,23.25
CDC,30.95
EED,95.49
EBA,12.85
ECE,18.13
CEC,29.69
EDB,51.02
AAA,11.56
DCE,42.02
ABB,59.62
EBD,55.15
BBB,25.13
CCA,71.45
EDE,18.71
EDC,12.75
ADC,16.6
DDD,10.08
ABC,66.78
EEA,29.09
DAD,56.44
AEE,35.91
DDA,86.63
CAA,10.56
DEB,47.52
EBD,96.31
CBA,97.1
DEE,14.92
DED,38.95
ACA,31.97
CAD,45.56
DEC,93.97
EDC,81.51
BAC,93.75
ABE,86.91
BDC,17.57
DAC,56.74
BBC,31.45
CAB,74.2
DDB,34.42
BBE,36.51
AEA,46.3
DDA,68.47
CDB,98.18
BCA,46.15
CDC,73.37
EDD,48.54
CDB,79.82
CAE,16.81
CDE,47.65
CDC,48.38
CBB,10.67
ACD,83.68
CBD,68.15
ACC,75.1
ADD,30.53
DBE,36.22
AAA,19.2
BDD,55.57
ADE,70.61
CDA,17.72
DBA,32.8
BDD,84.61
EAC,78.36
ACD,74.93
AEB,40.74
BEE,13.95
DED,12.58
BAA,47.72
ACE,30.31
BED,99.31
DEA,49.61
CCB,48.96
EAB,89.34
ADB,44.97
EDE,56.9
BCA,34.57
DDD,46.36
ACE,91.74
CAA,75.25
EDA,76.97
BCA,15.01
DDD,59.01
DCB,89.21
ACC,36.3
ABE,69.84
DCD,46.1
CEB,35.02
EBE,23.97
EEE,33.42
BAC,80.57
ABC,68.51
ABA,16.53
DAD,54.15
EDB,27.45
ABE,23.67
DAC,24.24
BED,75.4
CEC,17.61
BEC,50.92
ECA,66.62
EBB,75.52
BED,93.71
CEB,93.12
EEE,60.64
CEE,20.46
EBD,97.26
BBB,91.87
BCE,74.01
DEC,92.31
AEB,33.19
DDB,36.93
CAE,48.01
DDD,75.03
CBA,24.06
DCA,32.91
BCE,61.25
BCE,38.85
CBD,77.69
CDA,24.75
AEC,36.89
CBC,94.71
DCB,80.37
EAC,71.8
DCE,72.12
EDD,72.14
AEB,72.03
DBE,10.41
EBB,41.74
CBB,53.02
CAB,26.36
ABB,92.85
DCA,26.14
BAD,33.37
ADD,83.37
BAE,25.69
CDC,20.3
EEB,50.94
BEE,16.68
ADE,48.32
EDA,37.39
ADC,49.47
EAE,36.35
DBA,89.63
CCB,24.77
BCA,62.23
BBC,37.39
ECC,35.02
ACD,97.72
BCD,56.3
DDD,61.0
BCC,97.14
CAA,17.09
DCA,71.74
BBE,13.17
DBD,24.35
CCD,57.42
BDA,76.62
CBB,75.37
ADB,42.37
AEE,88.5
DDA,73.49
ADC,73.93
CBB,37.31
DED,60.64
DDA,40.78
BBD,90.17
BAB,46.57
DCA,66.63
BBA,44.31
DAD,90.36
BAC,15.99
BEA,67.2
ECC,21.58
AAA,37.52
AAE,53.31
ABB,87.85
CBE,40.95
BCD,78.2
BDD,36.29
EBC,11.2
CCA,22.06
ADE,23.87
DDE,22.06
BCB,85.63
DEC,31.89
BBE,33.64
EBB,50.47
ECC,28.58
DDD,46.95
CBD,20.36
CEC,61.32
BAC,94.43
EAD,74.16
BEB,66.06
AED,44.28
DED,57.1
AEC,10.36
CCA,10.69
BEE,77.58
ADE,99.69
BBC,11.12
DBE,96.25
BBA,52.52
DEB,61.7
BEA,71.63
BCC,75.87
CDD,91.93
ADB,45.35
ECA,39.48
DAD,72.62
AEE,63.08
AAA,77.73
EBE,87.5
CBE,53.79
ACA,45.96
ECA,93.58
ABC,62.06
DCB,15.5
CAB,37.84
AAD,11.47
BEA,71.51
EEE,58.82
DAA,21.68
DEA,29.69
BDD,34.26
BAE,25.51
ABB,14.73
AAC,27.76
EBB,89.11
DCE,57.09
CAC,73.7
DAE,76.09
EBC,40.01
BAE,97.04
ECA,74.48
EEC,66.87
BCA,82.06
BED,33.75
AAB,65.47
BAE,89.08
ADD,57.71
CCE,25.22
CDA,18.94
DAC,63.28
BCA,10.42
AED,99.7
CBE,75.81
ECD,41.8
ACB,45.77
CBA,15.81
CEA,37.94
BAA,85.59
DDE,40.94
CCD,20.2
BBA,33.51
BCC,81.6
AAB,57.56
EBA,80.2
BBA,89.16
DDB,84.35
BEC,56.4
BAD,18.12
DDE,45.95
ACD,26.6
EDA,37.11
ADE,50.86
AAC,67.3
CCB,42.15
BDD,23.61
BDC,30.38
AEE,95.22
DBE,85.02
AAE,33.7
EDE,83.36
ABE,17.26
CEA,22.36
DBE,36.8
DED,43.3
BAD,88.3
BAB,32.46
EEB,95.4
CCA,71.3
BED,33.12
CCD,28.67
EBC,15.44
BBA,25.19
DAE,16.19
EEC,96.56
EAA,98.65
BCE,67.94
DAA,67.23
EEB,45.3
DCB,86.94
BBA,92.26
EDE,68.72
DEC,41.01
DAA,24.21
BDC,65.72
AEA,38.26
BDD,26.09
EAD,16.96
CCA,48.37
DDA,14.1
CCA,58.36
BBB,31.38
CAB,78.17
BBD,81.42
DEE,43.51
DBB,59.46
DDD,69.86
ABE,32.02
EDB,11.58
DCA,18.5
DDD,90.63
EAC,24.83
EDE,55.25
CCE,98.52
DAC,68.84
EAB,98.03
CCB,60.88
ABC,86.04
EDB,78.43
DED,29.87
BAD,74.53
DBC,45.3
ABC,54.37
AAC,38.46
DDC,86.67
EDD,12.19
EBB,91.06
DDA,25.17
DBD,33.97
CCD,42.25
BEE,95.29
ABC,67.33
BED,90.59
ABB,53.09
BED,75.9
BAD,22.73
DBE,68.32
DDC,89.98
DED,99.25
BAC,31.3
CCA,83.25
CBC,10.36
DAD,41.04
BCD,14.97
ACD,19.64
ADC,55.59
EAE,79.5
BAC,29.43
EAB,88.94
DAE,71.98
ADD,33.85
CCE,89.42
AAD,57.87
AAA,33.73
CEA,91.51
AED,87.89
CAC,13.46
AEB,85.72
EEC,50.69
BCD,96.86
EDC,22.58
AAB,74.24
EBC,62.05
AEB,44.78
ADE,57.37
BED,38.81
ACC,41.61
BAC,70.46
AED,30.85
CBB,87.72
BBD,17.01
ABB,98.09
BEB,23.19
ECA,22.53
DDE,92.94
ADC,33.41
DCE,90.07
ADA,26.59
ADA,64.5
EDC,42.07
CED,53.84
CDC,30.35
DBC,60.29
DAC,37.36
DAC,72.37
DED,55.14
CEB,27.07
DEA,15.87
CDD,15.49
CCE,81.36
AAD,69.24
AAC,85.14
BBA,54.43
CBD,68.04
BCB,65.45
EAB,90.79
BDD,43.8
BEB,45.55
AED,43.69
CCE,13.4
ABA,24.62
BEE,87.9
DBA,37.43
CAD,29.35
CDB,96.61
CCA,75.14
EAE,38.06
DDD,69.31
BDB,65.12
CBB,30.88
BAE,32.08
CBA,46.43
ACD,72.89
EAE,34.03
DEB,79.85
EDB,70.37
ADD,80.7
ADD,75.79
BBA,63.03
EAB,87.95
BEA,82.15
BAC,97.8
BCC,20.1
BDB,14.95
BBD,85.02
ADD,55.7
EDC,15.19
ADB,39.83
DDA,52.34
AAD,14.99
CCB,64.93
CAC,18.58
AEE,97.4
EEB,74.85
EDC,18.83
DAA,15.14
ECC,24.32
AAA,84.65
ACE,85.44
ACC,32.93
AEA,71.32
ADC,80.49
AEC,79.66
DDE,20.02
BEB,30.68
DCC,62.58
CAE,86.27
BDC,54.29
BDE,64.98
AEA,43.4
DDB,19.48
BDB,73.04
EAD,53.71
CCA,93.65
BAB,81.38
DEC,14.1
DBA,57.92
DCE,77.1
ECA,94.57
ABC,48.72
AAE,26.64
AEE,48.84
BCC,34.43
CCD,75.69
DDE,56.93
ADC,93.53
EBA,77.15
DDC,87.46
BDA,86.08
EBD,73.03
BEB,90.57
ABE,93.01
AEB,44.6
EAB,52.27
EDC,86.14
CCE,70.1
BDE,18.06
DAB,11.69
BDA,38.98
EEB,39.32
DEC,57.66
DDC,55.47
ADE,65.85
DDC,96.28
AAB,88.68
ADB,68.91
ECC,31.02
EAA,74.02
ABC,82.37
ABC,41.63
EAB,52.5
BBD,74.48
DDB,54.2
AEC,89.87
ABB,58.06
ADA,47.75
CDD,44.88
ABC,72.11
EDE,19.07
EAC,72.54
AAA,46.92
EBA,68.32
CDA,27.27
BEC,63.84
CEE,50.8
EAE,51.26
CBE,13.31
ABE,66.5
DEA,72.41
AED,27.17
AED,79.06
ACE,35.24
BEB,22.94
CBB,49.45
ABC,83.15
BCD,10.29
BBB,16.28
AEB,59.26
CBB,64.2
DDE,72.47
BEC,50.97
DBB,72.52
BCA,34.58
BBC,94.37
BCA,37.39
CBC,25.74
CAE,92.79
DCD,20.79
BBD,67.13
EEA,51.99
BBD,31.79
DBD,30.43
DDC,78.28
DEC,90.67
ACE,83.12
DAC,80.17
EAD,80.16
CEE,23.37
DBE,55.45
AEB,14.52
EAD,40.48
ABA,27.57
ABB,90.88
CAE,15.53
BAE,95.31
BCE,64.77
BDE,95.07
DEB,32.97
EED,91.76
BDE,89.04
BBD,20.26
BCB,70.99
AED,70.99
CDB,67.96
EBA,79.61
AEA,63.82
EDD,51.93
AEC,49.82
CDC,74.66
ECE,76.44
AAE,12.69
EAB,77.26
ABB,64.34
CEB,51.94
BBA,12.26
BDA,44.17
ABC,73.62
BCE,39.82
DEB,41.03
DBC,27.34
CBA,12.9
DBA,92.06
AAB,73.37
BCB,22.55
DEB,15.92
DDC,62.0
ADE,90.54
BAA,19.78
ACD,92.93
ADD,92.55
ABC,32.38
ECB,67.92
ADA,36.01
DBD,77.49
CEC,79.77
EDE,29.33
CDE,40.54
CDA,19.27
DEA,95.62
DBA,71.37
EDB,42.52
CDC,30.62
ACE,67.81
ABA,52.94
EBA,86.84
DAD,31.57
ACD,58.73
DAB,77.56
DDC,30.0
DBB,23.16
DAC,24.7
AAA,53.67
BCD,93.68
BBD,63.45
DBB,79.55
DDE,29.88
DAA,77.18
DAD,29.89
DEE,35.45
ACB,81.89
BBB,83.83
BAD,80.73
EDD,95.67
AAD,75.74
EAB,71.15
DBA,31.63
CEE,42.01
DCC,27.95
DCE,78.91
ACA,82.95
BED,95.97
DEA,57.76
CDE,24.04
CDA,82.22
CBA,88.58
ABD,47.21
CAD,98.39
BBE,48.62
EAA,47.42
CCE,78.61
DEE,54.46
AED,83.84
CAC,35.77
ABB,93.03
EDA,78.63
ACA,76.43
EEA,88.37
DDE,66.45
AEC,25.0
ACB,72.79
DDE,44.7
DAD,24.85
DCB,40.48
DCD,29.81
BAE,30.64
BEC,57.75
BDE,20.89
AEC,58.97
EAC,42.79
EDE,45.72
EDD,81.96
DCE,55.55
DAC,32.8
AED,13.48
DEA,86.36
ACA,13.41
CBE,11.19
ACD,14.48
BEB,65.48
DDA,17.57
BED,74.57
CCA,65.72
EDD,48.56
EDE,22.57
ECC,48.1
CBE,18.03
DCA,23.35
EBD,95.09
CBA,13.95
DAB,95.4
DEB,48.17
ABC,81.29
BBE,29.62
DBE,79.6
BEC,21.9
CCE,95.4
ECD,22.66
EEA,75.92
BED,85.45
DAA,78.5
EBE,68.32
ECC,73.53
DBB,17.7
EDE,91.74
DDE,69.82
AEA,64.79
BBC,77.37
CDB,60.36
CAB,29.88
DCA,43.01
EEE,27.78
DBC,82.28
DED,83.18
CAE,99.88
DCA,61.45
ECB,62.1
CDA,93.47
BED,39.6
ECE,60.78
EAE,35.62
EAB,89.59
CAA,58.36
DAE,66.61
BCA,21.99
DBB,55.51
ADA,33.5
EBC,76.76
CDE,73.8
ABE,92.8
DCB,18.02
DAE,20.8
BAA,33.21
EAC,50.98
CBD,21.4
AED,10.49
AAB,89.52
CBD,88.98
DCA,15.67
BED,23.39
ECB,31.02
CDD,91.57
DED,10.99
ACE,64.8
AEE,84.51
DBD,31.84
ADD,38.86
CBD,38.74
EAC,32.8
ACA,34.86
CAB,11.36
CCE,56.09
DEA,96.76
BDA,90.24
CBE,91.42
AAB,32.0
ACC,89.54
ADB,82.62
CCD,11.8
DDD,76.69
CDA,99.39
BEB,26.26
EBA,33.9
BBA,49.68
CED,72.6
AAE,19.65
CDB,11.43
BDA,81.26
EDC,95.95
CAB,29.4
EEC,34.39
BBA,36.06
DCD,20.33
ADB,75.05
ECD,84.35
CED,78.04
CEB,10.52
CDC,11.2
CBC,85.38
BAC,41.8
AAA,19.95
CDE,91.59
ADE,78.84
BEC,54.9
BEB,79.01
DAB,80.22
ABC,67.55
CAC,67.57
ADB,40.84
BCC,58.12
DAD,53.77
DDB,20.66
CAC,27.55
DBB,88.69
DEA,33.13
CBB,15.95
CAB,54.29
BBC,47.68
DAA,27.8
CED,52.3
CCC,52.91
CDA,71.13
ABA,31.11
CEB,87.65
AEC,19.15
BEB,87.69
EEA,23.83
ACE,33.65
CED,25.93
BDD,37.87
EEA,14.25
ADD,50.23
BDC,37.37
ECC,78.55
ECA,49.49
ADB,16.01
ADA,43.2
DED,18.01
CAD,36.71
BAA,41.02
ABC,54.44
EED,73.42
CBA,62.01
DDC,35.82
CEE,49.53
BAE,27.99
DAD,47.52
BAC,55.41
BCC,90.03
CDB,74.04
EAA,15.47
BEC,69.99
DAD,53.81
DEC,98.64
BCB,25.91
AEE,49.47
EAA,27.72
EBE,94.78
CBE,45.13
BBD,30.86
DED,49.15
DEA,75.51
DBE,48.77
DCD,51.03
AAB,83.46
DDD,92.82
DBD,69.57
CDA,84.33
DBB,62.88
DBA,13.49
BAA,94.04
AAE,47.03
DBA,53.9
AAB,39.66
ADD,97.56
EBA,10.11
DED,88.32
AEC,74.37
DCC,13.0
CBC,34.47
BCB,81.02
AEA,21.7
CCC,39.92
AEB,13.63
EDB,82.27
EBE,48.32
ADA,43.01
BCE,39.5
DAD,40.23
CAC,64.21
DCA,79.72
CED,28.7
ABC,48.24
BBC,45.05
DBC,14.75
EBD,14.26
DDA,95.88
AAB,77.47
ABD,31.29
BAB,97.95
BDC,93.23
CBE,95.88
CBC,26.04
CBC,34.24
ACB,77.51
BEB,32.79
ACE,26.29
BBA,95.08
ABB,45.25
DCE,63.7
DCB,74.41
DEC,76.72
EDB,97.53
DCB,53.01
DAA,62.19
ABC,87.2
ABE,18.97
ADE,91.24
CAE,82.84
BBA,72.73
AAD,76.71
ACB,59.18
BCC,37.91
ABE,89.32
CBC,56.52
CCE,34.35
ACC,85.5
BDA,26.03
CDD,29.79
BED,41.27
ACD,40.96
CDE,23.45
DCB,79.76
EEE,42.42
EAC,21.92
ABD,86.25
ECD,91.41
EBA,53.64
BDD,58.65
EBE,93.89
EEE,96.31
EDB,77.06
DEA,20.55
AAA,90.09
DBE,74.75
EDD,76.86
DAE,15.47
EBE,58.53
ABB,17.48
CEE,45.49
EAD,58.96
EBB,37.27
CEB,96.38
DBE,25.4
BAB,28.97
EBB,38.47
CEC,56.12
BBD,49.13
DEE,21.71
DCB,56.27
DCA,90.25
DBC,88.81
EEE,50.36
DBA,45.19
AAC,84.5
DCB,78.53
ECE,30.25
DEC,88.33
EBA,89.89
EDB,89.36
CDC,68.41
DAE,35.42
EAB,66.19
CAA,14.55
EAC,95.93
ECE,22.07
DAE,24.34
DBE,82.22
CBB,19.32
ECB,14.57
BEC,55.05
BBC,77.72
BBA,88.75
EBC,15.94
DDE,87.63
CAC,16.95
CEC,48.27
CBD,75.14
EAD,51.52
DCC,26.82
CDA,62.89
EAA,91.08
ECB,16.34
CCB,26.62
DCB,53.52
BBB,66.34
CAD,71.94
DBD,61.36
CBA,21.38
ADC,10.13
CCE,67.64
BCB,94.27
DCE,54.46
CCD,68.27
BEC,67.0
EBB,95.87
EAE,90.7
DAB,38.08
ACC,80.71
EDB,57.05
DEA,95.02
DEE,84.24
BEE,36.79
DDB,90.88
BBD,52.35
EBB,96.57
BAB,72.56
BBB,43.72
AAD,61.64
DDD,59.97
ACA,33.15
DAB,53.89
DBC,94.58
ADE,71.68
DBC,44.22
EEC,68.82
DAA,42.23
DEC,25.7
AEB,24.92
BEC,18.55
EBE,68.42
DCB,27.64
CAE,13.3
AAD,84.24
ADA,65.39
BDB,67.39
CCC,90.77
CCD,96.58
BCE,39.72
DDB,30.92
AEA,51.66
AEA,85.7
DAC,39.23
DEA,13.74
EBE,24.49
EDD,19.78
DCC,96.35
ECC,86.12
CBC,36.84
BBC,42.84
DAD,74.64
BDE,91.07
ECC,90.73
EEA,60.04
ADB,61.7
BED,84.85
DCB,94.06
EBE,52.87
DDB,82.0
ACC,90.7
DCD,58.77
DDA,43.55
BDB,39.55
BEE,78.21
DCA,61.8
BAE,65.82
DCA,60.27
DAC,79.89
DBB,83.21
ADB,73.83
CEC,89.75
BAB,91.58
CAC,79.83
CBA,73.18
DAC,54.24
ADE,17.8
DAC,92.84
BBD,49.06
EEE,99.51
EED,10.16
EED,47.38
BBE,40.7
BCB,26.57
EDD,91.03
AAA,76.38
BCE,16.05
ACA,35.7
BDA,39.03
EDA,66.84
BEE,66.67
EDC,14.75
DBB,12.88
CDA,47.6
BAE,48.89
AEC,71.15
DEB,67.04
DCC,70.45
AAE,75.41
CCC,91.54
CAD,87.6
BAD,39.53
BAA,47.62
ECA,80.03
ECD,16.61
CAE,36.82
ECB,52.96
DDE,15.18
BBC,32.9
AEC,36.61
CCB,38.25
ACA,73.79
ACD,45.75
EEC,17.38
BBE,85.71
BCE,97.4
EEC,97.98
DDB,47.66
DEC,50.59
BDB,63.24
DEC,95.99
DDA,98.22
CCE,22.95
CDA,36.68
ADC,33.57
ACC,15.85
DAB,26.9
DDC,61.97
BAD,90.54
DBA,17.57
CBC,94.35
DDD,12.46
EBC,99.47
DCC,78.15
DED,49.74
AEA,85.36
