timestamp,action,symbol,price,qty
1003,CANCEL,PSBF,102.7,3
1006,SELL,VUK,178.02,10
1009,BUY,QJJF,193.61,2
1010,BUY,VUK,196.41,3
1012,BUY,PSBF,187.66,5
1022,BUY,FMXQ,137.39,5
1024,BUY,CHQX,171.07,7
1026,SELL,CHQX,171.9,5
1030,BUY,SSK,172.77,3
1034,SELL,VUK,151.43,1
1037,SELL,FYW,142.21,6
1042,BUY,QJJF,178.81,2
1052,CANCEL,QJJF,168.96,2
1058,BUY,ZWWJ,100.46,8
1066,SELL,QJJF,133.43,3
1073,SELL,SSK,136.85,4
1074,SELL,FMXQ,139.35,8
1077,BUY,PVAU,188.1,9
1079,BUY,SRBQ,163.21,10
1088,SELL,ZWWJ,179.41,2
1093,CANCEL,PVAU,125.05,10
1103,BUY,QJJF,162.32,9
1110,BUY,FYW,162.74,8
1116,BUY,USNZ,132.77,10
1124,BUY,SSK,132.65,10
1126,BUY,GGO,141.33,3
1130,SELL,VUK,157.62,8
1131,BUY,RXC,130.23,9
1133,CANCEL,AHF,169.71,9
1143,SELL,QJJF,142.79,10
1147,BUY,GGO,156.43,6
1156,BUY,FMXQ,194.73,4
1158,BUY,RXC,144.26,5
1162,SELL,PVAU,195.07,9
1165,BUY,PSBF,153.44,7
1166,CANCEL,PVAU,119.01,7
1173,BUY,USNZ,113.58,6
1183,BUY,QJJF,179.68,3
1190,BUY,ZWWJ,119.82,8
1200,SELL,FMXQ,174.22,10
1205,CANCEL,SRBQ,167.73,7
1207,SELL,IEYI,182.04,9
1215,SELL,VUK,156.07,8
1222,BUY,RVU,186.78,3
1224,CANCEL,ZWWJ,151.82,9
1225,CANCEL,ACGP,156.53,5
1229,BUY,EJZ,190.01,1
1237,BUY,FMXQ,188.4,7
1245,BUY,SRBQ,131.38,2
1249,BUY,GGO,114.13,9
1252,BUY,FMXQ,127.64,7
1256,SELL,USNZ,128.16,2
1263,BUY,GGO,179.22,5
1271,SELL,JJI,189.97,10
1281,BUY,RXC,186.38,2
1290,BUY,VUK,199.8,3
1298,BUY,USNZ,119.15,2
1305,BUY,SSK,116.64,5
1306,SELL,ZWWJ,181.01,9
1313,SELL,IEYI,119.55,2
1320,BUY,SSK,116.47,8
1321,SELL,CHQX,199.95,1
1324,BUY,QJJF,160.23,7
1330,SELL,SSK,189.83,7
1336,BUY,PVAU,164.42,8
1343,SELL,CHQX,104.93,9
1346,CANCEL,RVU,162.76,9
1349,BUY,FMXQ,138.15,7
1354,BUY,JJI,144.26,9
1364,BUY,USNZ,164.57,7
1367,SELL,FYW,139.09,1
1369,BUY,ACGP,156.06,8
1371,SELL,RVU,139.19,2
1377,BUY,SSK,140.21,5
1386,SELL,RXC,189.16,7
1390,BUY,VUK,174.34,6
1400,BUY,ZWWJ,111.54,5
1404,BUY,AHF,107.25,10
1408,BUY,SSK,152.76,3
1417,CANCEL,PSBF,118.94,3
1420,BUY,QJJF,107.78,3
1426,SELL,RXC,104.11,7
1431,SELL,USNZ,172.52,2
1441,BUY,ACGP,109.81,5
1444,BUY,EJZ,120.24,2
1447,BUY,VUK,123.12,8
1450,SELL,QJJF,159.65,5
1454,SELL,USNZ,132.36,10
1460,BUY,GGO,115.45,5
1468,BUY,SSK,136.0,7
1476,SELL,IEYI,159.71,5
1481,SELL,SSK,169.21,2
1486,BUY,USNZ,191.38,7
1492,BUY,RVU,131.2,10
1493,BUY,EJZ,198.53,7
1497,SELL,RVU,182.9,3
1506,BUY,GGO,183.62,8
1515,CANCEL,RXC,144.29,10
1522,SELL,RVU,155.99,6
1532,BUY,RXC,177.69,9
1539,CANCEL,PVAU,108.03,1
1541,SELL,USNZ,183.5,5
1549,SELL,RXC,126.79,2
1551,SELL,SSK,113.81,1
1555,SELL,SRBQ,118.32,6
1559,CANCEL,ACGP,199.96,10
1566,BUY,GGO,149.62,9
1573,BUY,RVU,124.42,4
1580,SELL,SSK,196.34,3
1590,BUY,RVU,121.21,9
1593,SELL,RXC,167.63,8
1597,BUY,PSBF,154.21,7
1599,BUY,FYW,131.02,4
1602,BUY,QJJF,169.44,9
1603,BUY,GGO,131.07,6
1610,BUY,SSK,143.16,4
1617,BUY,VUK,169.27,5
1620,SELL,FYW,152.14,8
1626,BUY,RVU,195.53,1
1627,BUY,PVAU,176.01,7
1630,BUY,PVAU,158.52,8
1635,BUY,PSBF,127.88,9
1643,BUY,RXC,106.85,3
1652,SELL,FYW,186.86,6
1658,SELL,PSBF,182.21,10
1668,SELL,RXC,161.91,5
1672,SELL,IEYI,133.01,2
1677,BUY,PVAU,124.38,2
1684,BUY,EJZ,174.12,9
1685,SELL,FYW,154.41,4
1691,BUY,TLPJ,157.45,3
1697,BUY,VUK,183.84,1
1707,SELL,FYW,105.84,10
1709,SELL,PSBF,117.89,4
1716,BUY,GGO,144.7,6
1724,SELL,ZWWJ,110.23,1
1734,BUY,QJJF,199.98,2
1741,SELL,GGO,166.27,6
1748,SELL,VUK,172.81,5
1752,SELL,EJZ,196.87,6
1753,BUY,AHF,160.92,2
1763,SELL,RXC,133.64,1
1767,SELL,PSBF,189.02,5
1774,BUY,ZWWJ,172.1,7
1777,SELL,QJJF,118.82,9
1781,BUY,FMXQ,151.66,3
1786,BUY,QJJF,153.78,5
1795,BUY,VUK,101.78,1
1801,BUY,ACGP,186.91,4
1809,SELL,EJZ,154.53,10
1818,SELL,JJI,150.98,5
1826,SELL,EJZ,128.72,2
1835,BUY,VUK,195.84,3
1845,SELL,USNZ,169.64,9
1855,SELL,CHQX,196.99,4
1862,CANCEL,SRBQ,105.32,9
1868,SELL,RVU,183.09,4
1878,SELL,SRBQ,129.16,5
1885,BUY,RVU,124.37,4
1890,CANCEL,CHQX,182.47,2
1891,BUY,EJZ,193.59,2
1895,CANCEL,ACGP,140.4,10
1904,BUY,ZWWJ,122.04,10
1912,BUY,TLPJ,167.98,7
1915,BUY,AHF,154.76,6
1925,SELL,RVU,141.87,2
1933,SELL,IEYI,181.77,5
1934,BUY,SSK,126.41,1
1940,SELL,QJJF,185.22,4
1943,SELL,JJI,114.12,1
1944,SELL,SSK,168.14,10
1946,SELL,VUK,156.79,3
1948,SELL,RVU,114.87,3
1955,SELL,PVAU,175.74,2
1962,SELL,EJZ,154.79,7
1965,BUY,CHQX,107.69,8
1970,BUY,VUK,121.11,1
1973,BUY,VUK,127.7,10
1974,BUY,RVU,172.02,3
1980,BUY,GGO,169.8,4
1982,BUY,CHQX,199.97,7
1990,BUY,FYW,148.83,7
1997,CANCEL,EJZ,193.76,8
2001,SELL,SRBQ,141.32,6
2006,BUY,TLPJ,152.46,10
2012,SELL,ACGP,100.42,1
2020,SELL,GGO,157.13,2
2025,SELL,IEYI,119.5,1
2028,SELL,EJZ,187.67,10
2034,BUY,AHF,107.58,5
2043,SELL,IEYI,199.27,6
2050,BUY,USNZ,101.73,2
2051,BUY,USNZ,173.51,2
2055,SELL,FMXQ,117.59,9
2063,BUY,QJJF,152.82,9
2070,SELL,PSBF,146.5,1
2076,BUY,SSK,153.2,3
2077,SELL,ZWWJ,175.88,4
2078,SELL,ACGP,196.63,7
2088,SELL,GGO,130.13,9
2096,SELL,RVU,149.62,4
2101,SELL,PVAU,119.5,5
2111,BUY,SRBQ,142.23,7
2114,BUY,RXC,169.72,1
2115,BUY,IEYI,196.61,1
2121,SELL,JJI,101.26,3
2126,CANCEL,QJJF,117.67,8
2133,SELL,PSBF,192.75,5
2141,BUY,SRBQ,191.19,2
2146,BUY,TLPJ,138.5,6
2153,SELL,PSBF,166.08,1
2158,SELL,TLPJ,124.62,2
2163,SELL,QJJF,199.03,3
2172,SELL,JJI,117.75,5
2175,BUY,QJJF,141.89,3
2176,BUY,SSK,124.26,5
2178,SELL,VUK,169.81,2
2185,BUY,PSBF,103.23,7
2186,BUY,ZWWJ,187.72,4
2192,BUY,QJJF,184.11,9
2197,BUY,USNZ,181.81,3
2199,CANCEL,FYW,143.42,1
2207,SELL,AHF,162.4,10
2216,BUY,SSK,171.63,8
2226,BUY,FYW,197.06,6
2236,SELL,ACGP,156.3,10
2240,CANCEL,USNZ,116.44,5
2246,BUY,AHF,154.53,1
2249,CANCEL,FMXQ,105.65,6
2253,BUY,RXC,112.32,6
2262,SELL,SSK,140.88,3
2264,SELL,PSBF,145.4,10
2269,SELL,USNZ,161.26,2
2270,BUY,USNZ,106.52,2
2279,SELL,JJI,198.08,2
2287,SELL,EJZ,195.62,4
2293,SELL,PVAU,138.39,2
2301,SELL,ACGP,169.36,9
2302,BUY,TLPJ,118.01,5
2312,BUY,PVAU,120.26,10
2319,SELL,ACGP,150.22,1
2324,SELL,VUK,138.96,6
2332,BUY,CHQX,155.78,10
2337,BUY,PVAU,167.28,4
2344,SELL,RXC,151.01,8
2351,SELL,USNZ,140.71,3
2352,SELL,FYW,105.19,3
2356,SELL,PVAU,164.14,10
2362,SELL,VUK,156.56,10
2369,SELL,CHQX,186.32,9
2376,CANCEL,PSBF,130.91,9
2385,SELL,QJJF,147.85,2
2389,BUY,PSBF,100.43,9
2396,BUY,FYW,195.91,7
2404,BUY,USNZ,153.66,6
2410,BUY,RVU,112.47,3
2416,BUY,USNZ,198.07,10
2424,BUY,PVAU,112.7,8
2426,SELL,USNZ,159.79,1
2431,SELL,ACGP,118.54,3
2440,SELL,PVAU,177.85,9
2445,BUY,FMXQ,132.73,8
2446,SELL,ZWWJ,153.47,1
2453,SELL,CHQX,108.63,7
2463,SELL,SSK,121.31,8
2464,BUY,RVU,106.16,3
2469,SELL,AHF,122.02,2
2475,BUY,ZWWJ,171.88,6
2478,BUY,GGO,199.91,7
2487,CANCEL,SSK,109.49,10
2495,BUY,ACGP,167.8,7
2504,SELL,PSBF,155.85,7
2509,SELL,EJZ,102.16,6
2518,CANCEL,CHQX,185.73,6
2524,SELL,JJI,124.28,9
2530,SELL,VUK,134.39,2
2532,BUY,ZWWJ,179.27,1
2535,SELL,IEYI,141.19,10
2536,SELL,TLPJ,179.4,4
2543,BUY,RXC,150.35,6
2548,BUY,RXC,145.99,8
2549,SELL,SSK,181.06,5
2552,SELL,ACGP,164.03,5
2559,CANCEL,SRBQ,136.22,2
2566,CANCEL,PVAU,170.23,9
2572,SELL,PSBF,196.63,7
2579,BUY,EJZ,116.72,4
2581,BUY,CHQX,199.41,1
2590,SELL,EJZ,126.83,7
2597,BUY,AHF,176.75,8
2599,SELL,FMXQ,183.14,1
2602,CANCEL,PSBF,114.5,9
2603,BUY,GGO,178.87,2
2610,BUY,JJI,101.04,3
2616,SELL,CHQX,103.33,2
2618,SELL,VUK,100.59,4
2623,SELL,SRBQ,147.86,10
2626,SELL,IEYI,198.77,10
2630,SELL,EJZ,163.11,8
2633,BUY,RVU,145.03,7
2635,SELL,QJJF,177.04,2
2640,SELL,PVAU,102.06,2
2641,SELL,GGO,161.06,8
2647,SELL,RVU,199.48,5
2655,SELL,ZWWJ,132.5,7
2663,SELL,FYW,103.01,9
2669,BUY,CHQX,147.54,8
2676,CANCEL,CHQX,119.57,3
2682,CANCEL,IEYI,154.37,6
2684,SELL,IEYI,169.72,1
2689,BUY,PVAU,198.02,8
2698,BUY,PVAU,185.21,3
2699,BUY,IEYI,173.56,3
2702,SELL,CHQX,111.69,9
2707,BUY,ACGP,192.31,9
2711,BUY,IEYI,129.89,8
2713,SELL,EJZ,137.88,6
2720,SELL,SRBQ,119.21,2
2725,BUY,PSBF,134.01,4
2730,BUY,ACGP,178.0,4
2737,SELL,AHF,100.15,4
2739,SELL,SRBQ,166.59,5
2741,BUY,RXC,189.03,2
2749,SELL,PSBF,190.99,8
2751,BUY,GGO,134.35,8
2761,SELL,VUK,151.48,4
2764,SELL,GGO,129.82,3
2768,SELL,PVAU,110.77,9
2770,CANCEL,ACGP,187.41,9
2776,BUY,CHQX,178.48,10
2786,SELL,JJI,140.75,2
2792,SELL,EJZ,141.99,4
2794,BUY,GGO,161.72,9
2804,BUY,EJZ,144.44,4
2810,SELL,QJJF,123.27,10
2813,SELL,CHQX,126.37,9
2818,BUY,ZWWJ,136.47,1
2825,SELL,PVAU,144.83,4
2826,BUY,IEYI,103.8,10
2833,BUY,VUK,192.73,2
2834,BUY,GGO,187.75,5
2842,SELL,SRBQ,153.49,6
2849,BUY,ACGP,102.46,1
2857,BUY,GGO,131.9,7
2859,CANCEL,ACGP,144.44,8
2866,BUY,USNZ,182.92,2
2873,CANCEL,AHF,131.17,8
2874,BUY,PVAU,106.53,2
2877,SELL,JJI,117.07,2
2879,SELL,FMXQ,130.9,2
2884,BUY,FYW,187.63,9
2890,BUY,VUK,137.72,5
2891,SELL,IEYI,167.22,6
2901,BUY,ZWWJ,189.86,2
2902,SELL,FMXQ,190.76,5
2906,SELL,PVAU,172.42,8
2916,SELL,SSK,150.98,4
2925,SELL,PVAU,162.8,6
2932,BUY,SSK,105.53,4
2934,SELL,VUK,130.88,7
2939,CANCEL,QJJF,167.06,6
2948,SELL,FMXQ,177.25,6
2958,SELL,SRBQ,187.54,7
2968,SELL,VUK,193.06,6
2976,CANCEL,FMXQ,146.34,7
2982,SELL,QJJF,137.27,7
2987,BUY,PSBF,192.11,5
2996,BUY,SRBQ,130.31,2
3003,SELL,ACGP,108.34,10
3012,BUY,ZWWJ,191.73,10
3014,BUY,FYW,115.27,8
3021,BUY,IEYI,102.46,6
3025,BUY,RXC,151.27,1
3031,SELL,RVU,163.1,6
3037,SELL,ZWWJ,186.86,5
3040,SELL,PVAU,146.97,6
3045,BUY,GGO,143.91,1
3048,SELL,ZWWJ,149.28,2
3057,SELL,USNZ,152.51,4
3067,BUY,PSBF,177.09,9
3069,BUY,PVAU,125.6,2
3072,SELL,VUK,137.68,2
3079,BUY,TLPJ,147.52,2
3081,SELL,FYW,159.69,6
3083,SELL,GGO,104.96,1
3091,BUY,RXC,152.28,6
3093,BUY,SSK,148.01,1
3101,SELL,SSK,127.43,9
3110,CANCEL,IEYI,116.29,8
3116,SELL,CHQX,148.55,7
3118,SELL,TLPJ,129.8,9
3125,SELL,TLPJ,172.77,7
3132,SELL,JJI,186.72,8
3134,SELL,AHF,164.35,7
3143,BUY,RVU,102.97,10
3145,BUY,ACGP,126.17,1
3147,SELL,CHQX,162.46,5
3155,BUY,SSK,167.84,6
3161,SELL,USNZ,170.87,6
3170,SELL,ACGP,198.91,6
3175,CANCEL,SRBQ,147.15,5
3181,BUY,FMXQ,146.2,9
3183,BUY,FYW,134.77,8
3190,SELL,JJI,145.66,8
3197,SELL,QJJF,191.47,6
3199,BUY,PSBF,132.82,4
3205,BUY,USNZ,147.41,6
3212,BUY,ZWWJ,190.99,1
3214,BUY,AHF,192.39,4
3220,SELL,AHF,148.6,7
3222,CANCEL,EJZ,172.05,10
3230,SELL,PVAU,129.02,7
3233,BUY,PVAU,175.32,6
3236,BUY,AHF,126.33,4
3239,CANCEL,IEYI,144.7,5
3247,SELL,VUK,121.77,3
3251,BUY,RVU,116.0,10
3260,SELL,ZWWJ,110.45,5
3265,SELL,RVU,112.11,10
3269,SELL,USNZ,125.94,10
3278,BUY,ZWWJ,115.0,3
3279,CANCEL,QJJF,173.32,7
3288,SELL,AHF,198.03,4
3290,SELL,USNZ,102.13,2
3294,SELL,EJZ,106.69,6
3301,BUY,SRBQ,122.23,2
3303,SELL,AHF,166.62,8
3308,BUY,USNZ,128.8,10
3316,BUY,VUK,143.34,4
3321,SELL,JJI,199.47,10
3323,SELL,FYW,108.73,6
3327,SELL,AHF,113.02,5
3332,SELL,SSK,190.6,1
3333,SELL,RXC,138.82,5
3337,BUY,RXC,103.84,10
3340,SELL,USNZ,139.75,10
3346,BUY,FYW,183.86,3
3355,SELL,SSK,118.01,1
3358,SELL,USNZ,198.47,7
3364,BUY,AHF,191.99,8
3373,SELL,JJI,123.02,10
3379,BUY,FMXQ,162.34,1
3387,BUY,USNZ,164.03,2
3396,SELL,TLPJ,116.05,5
3399,BUY,CHQX,108.81,5
3400,BUY,AHF,102.58,3
3401,SELL,FMXQ,132.76,1
3407,BUY,FMXQ,113.15,6
3413,SELL,QJJF,146.59,4
3415,CANCEL,EJZ,160.15,8
3420,BUY,CHQX,155.71,6
3426,BUY,CHQX,190.09,10
3431,CANCEL,PVAU,158.23,4
3437,SELL,AHF,133.89,2
3443,SELL,JJI,167.54,8
3447,SELL,EJZ,107.98,1
3448,SELL,SSK,115.7,3
3455,SELL,ZWWJ,104.61,1
3465,SELL,IEYI,170.94,2
3475,SELL,PSBF,173.59,2
3485,BUY,FYW,186.46,3
3488,BUY,QJJF,198.83,6
3498,BUY,FYW,112.25,9
3508,BUY,IEYI,184.71,6
3511,BUY,ACGP,157.79,3
3521,CANCEL,QJJF,164.46,4
3526,SELL,JJI,108.06,6
3535,BUY,QJJF,128.87,9
3543,BUY,RVU,142.19,3
3546,SELL,PVAU,194.76,9
3556,BUY,CHQX,173.73,6
3560,BUY,TLPJ,109.3,8
3565,BUY,GGO,123.14,1
3566,SELL,QJJF,141.34,4
3576,BUY,USNZ,194.52,3
3586,BUY,TLPJ,139.32,6
3591,BUY,AHF,122.11,8
3592,SELL,AHF,200.0,7
3602,BUY,QJJF,130.35,6
3607,BUY,EJZ,131.64,9
3612,CANCEL,USNZ,122.93,5
3613,SELL,EJZ,191.1,10
3623,SELL,AHF,197.57,3
3628,BUY,FYW,117.07,8
3629,SELL,FYW,155.83,10
3631,SELL,FMXQ,105.25,10
3639,SELL,SRBQ,136.62,7
3649,BUY,RVU,143.58,4
3659,SELL,QJJF,112.0,2
3662,BUY,FYW,111.08,2
3670,BUY,ACGP,190.46,4
3678,BUY,CHQX,102.74,5
3684,BUY,PSBF,122.4,4
3694,SELL,FYW,139.13,3
3701,CANCEL,AHF,100.34,1
3708,BUY,TLPJ,175.07,2
3715,BUY,RVU,171.08,9
3722,SELL,FMXQ,103.94,6
3732,SELL,AHF,165.23,4
3736,BUY,PSBF,136.15,7
3744,CANCEL,QJJF,125.39,10
3753,SELL,PVAU,182.25,4
3759,BUY,TLPJ,128.76,6
3762,SELL,FYW,150.57,1
3768,SELL,VUK,150.55,1
3777,BUY,SRBQ,111.64,5
3778,BUY,ACGP,139.79,5
3787,BUY,IEYI,132.74,7
3793,BUY,QJJF,183.78,4
3794,BUY,EJZ,141.26,10
3801,BUY,EJZ,118.07,5
3808,SELL,VUK,179.04,7
3811,BUY,QJJF,149.99,5
3820,CANCEL,AHF,156.48,5
3822,BUY,ZWWJ,113.3,6
3832,SELL,TLPJ,102.17,4
3838,SELL,FMXQ,127.33,3
3843,BUY,USNZ,165.58,10
3851,SELL,ZWWJ,118.08,2
3857,BUY,RXC,162.98,1
3861,SELL,RXC,130.2,2
3865,BUY,FYW,129.97,4
3869,SELL,SSK,188.88,6
3879,SELL,EJZ,185.76,3
3887,SELL,PVAU,132.8,3
3895,SELL,SRBQ,199.98,7
3896,SELL,TLPJ,147.1,1
3902,SELL,AHF,168.72,2
3903,BUY,JJI,126.81,2
3913,SELL,PSBF,182.79,6
3923,BUY,VUK,136.26,10
3925,SELL,PVAU,101.9,3
3928,SELL,PVAU,135.54,1
3934,SELL,ZWWJ,104.07,9
3938,CANCEL,SRBQ,166.02,4
3942,SELL,JJI,163.35,2
3950,BUY,PVAU,171.87,9
3956,SELL,SRBQ,119.58,3
3963,SELL,VUK,110.43,7
3970,BUY,SSK,125.16,4
3974,SELL,RXC,156.79,2
3981,BUY,ZWWJ,101.41,10
3987,SELL,TLPJ,119.89,2
3995,SELL,ACGP,107.54,7
4005,SELL,FMXQ,196.57,10
4011,CANCEL,FYW,109.06,8
4016,BUY,PSBF,167.67,6
4025,SELL,TLPJ,182.9,4
4028,SELL,SRBQ,150.22,10
4038,CANCEL,AHF,173.37,7
4041,BUY,FMXQ,102.27,6
4051,SELL,AHF,195.15,8
4060,BUY,CHQX,170.62,9
4066,SELL,CHQX,190.45,3
4075,SELL,FYW,196.57,4
4081,SELL,EJZ,133.83,10
4082,BUY,EJZ,158.27,1
4085,SELL,CHQX,117.34,6
4095,SELL,CHQX,160.08,4
4101,CANCEL,CHQX,190.32,9
4110,SELL,FYW,157.51,5
4118,BUY,RVU,158.34,3
4120,BUY,ZWWJ,129.37,6
4129,BUY,FYW,199.24,8
4130,BUY,SRBQ,186.44,10
4131,SELL,TLPJ,106.11,10
4137,BUY,PVAU,104.55,3
4146,BUY,GGO,144.19,2
4147,BUY,JJI,179.89,2
4150,BUY,TLPJ,186.79,1
4160,BUY,RXC,135.14,5
4169,SELL,EJZ,110.64,3
4178,BUY,ZWWJ,157.62,5
4188,BUY,AHF,150.07,1
4196,SELL,QJJF,125.4,8
4202,BUY,RXC,115.19,4
4212,BUY,QJJF,116.86,9
4221,BUY,PVAU,102.9,2
4228,BUY,FMXQ,114.16,10
4233,BUY,USNZ,186.99,2
4239,BUY,PSBF,157.56,1
4244,SELL,ZWWJ,194.36,7
4245,BUY,SRBQ,184.92,5
4251,BUY,ACGP,146.07,1
4256,BUY,SSK,170.43,6
4264,BUY,QJJF,185.62,5
4272,BUY,FMXQ,188.61,5
4276,BUY,TLPJ,194.03,1
4284,SELL,GGO,155.95,1
4294,SELL,VUK,185.01,8
4297,BUY,PVAU,183.96,5
4304,SELL,FYW,112.88,10
4306,SELL,GGO,112.37,1
4311,BUY,RVU,126.74,2
4318,SELL,TLPJ,144.32,10
4327,SELL,ACGP,157.51,2
4330,SELL,SSK,135.39,6
4334,BUY,FMXQ,199.9,7
4338,BUY,SRBQ,125.13,6
4347,SELL,ZWWJ,179.34,4
4348,CANCEL,ZWWJ,140.51,1
4351,SELL,RVU,186.51,9
4354,SELL,RVU,116.81,10
4363,CANCEL,ACGP,142.79,10
4369,BUY,PVAU,105.93,3
4373,SELL,EJZ,111.98,1
4380,SELL,PSBF,184.98,8
4383,BUY,FYW,127.26,4
4393,BUY,SSK,151.98,8
4394,SELL,GGO,194.59,9
4399,BUY,RVU,189.79,1
4402,SELL,SRBQ,189.29,4
4407,SELL,EJZ,133.84,1
4409,SELL,GGO,150.01,5
4410,BUY,USNZ,144.19,8
4415,BUY,CHQX,166.14,10
4419,BUY,QJJF,194.13,1
4429,SELL,RVU,114.47,1
4438,BUY,CHQX,186.91,2
4445,BUY,RXC,138.51,9
4454,SELL,USNZ,164.61,7
4457,BUY,RVU,153.2,8
4461,SELL,TLPJ,197.08,6
4466,SELL,ACGP,160.18,5
4476,BUY,ACGP,120.78,2
4483,SELL,RXC,165.06,8
4492,BUY,VUK,125.62,5
4495,BUY,JJI,142.04,5
4502,CANCEL,EJZ,101.18,5
4506,BUY,PVAU,109.2,7
4514,BUY,PSBF,102.44,1
4515,SELL,SRBQ,151.11,7
4521,BUY,FMXQ,175.03,4
4530,SELL,SRBQ,146.21,6
4534,BUY,CHQX,135.72,10
4535,BUY,QJJF,153.38,8
4536,BUY,CHQX,123.49,6
4538,SELL,JJI,171.47,7
4545,BUY,ZWWJ,128.92,1
4549,SELL,SSK,126.33,8
4559,SELL,AHF,159.85,3
4565,SELL,EJZ,166.22,8
4567,BUY,QJJF,178.21,7
4568,SELL,GGO,151.07,1
4577,BUY,SRBQ,104.05,10
4586,SELL,CHQX,182.02,1
4594,CANCEL,GGO,125.59,9
4599,SELL,VUK,184.07,1
4600,SELL,QJJF,167.98,5
4610,SELL,TLPJ,169.32,8
4620,BUY,QJJF,149.97,7
4624,SELL,ACGP,130.64,4
4634,SELL,PSBF,124.61,1
4639,SELL,AHF,155.07,2
4649,SELL,PVAU,127.14,4
4651,SELL,JJI,153.5,9
4654,BUY,RVU,111.63,6
4656,SELL,JJI,137.54,3
4658,SELL,GGO,180.97,2
4662,CANCEL,PVAU,194.45,10
4671,BUY,EJZ,134.12,4
4679,BUY,VUK,145.68,8
4685,BUY,TLPJ,163.94,10
4690,BUY,EJZ,197.48,6
4693,BUY,USNZ,127.72,9
4701,SELL,EJZ,112.41,2
4702,SELL,FMXQ,188.9,9
4705,CANCEL,FMXQ,139.98,9
4708,BUY,AHF,112.68,6
4714,SELL,RXC,191.78,7
4720,CANCEL,USNZ,153.34,5
4728,BUY,PSBF,149.75,4
4732,SELL,GGO,159.59,10
4736,BUY,SSK,117.48,1
4738,SELL,ZWWJ,108.38,7
4742,SELL,RXC,129.07,7
4750,SELL,VUK,147.05,3
4758,SELL,ACGP,190.41,7
4759,BUY,RXC,114.56,1
4767,BUY,GGO,179.84,10
4775,BUY,IEYI,191.21,8
4783,BUY,PSBF,199.94,5
4792,BUY,FMXQ,159.8,1
4797,BUY,JJI,102.87,2
4807,BUY,PVAU,140.42,3
4817,SELL,SRBQ,180.5,6
4823,BUY,RVU,193.44,7
4824,SELL,FYW,157.42,10
4833,SELL,USNZ,174.68,8
4843,SELL,RXC,122.36,8
4851,BUY,FMXQ,127.41,4
4853,BUY,AHF,116.2,4
4854,SELL,SRBQ,184.96,7
4863,BUY,SSK,171.5,7
4869,BUY,SSK,176.25,2
4877,SELL,SSK,119.41,6
4885,BUY,RVU,167.66,2
4893,BUY,VUK,135.13,7
4894,BUY,QJJF,109.66,4
4902,CANCEL,TLPJ,168.61,3
4906,SELL,ACGP,120.73,8
4914,SELL,SSK,133.96,8
4920,SELL,PVAU,191.23,6
4925,SELL,FMXQ,168.39,6
4930,BUY,ACGP,101.72,9
4939,CANCEL,SSK,194.53,10
4941,BUY,RXC,199.71,4
4950,SELL,GGO,116.69,4
4955,BUY,TLPJ,179.29,2
4958,SELL,USNZ,153.96,6
4963,BUY,PSBF,192.3,4
4968,BUY,TLPJ,183.89,7
4977,SELL,JJI,182.76,7
4983,SELL,TLPJ,190.74,7
4992,BUY,FYW,114.06,5
4998,BUY,PVAU,162.42,7
5005,CANCEL,EJZ,107.96,7
5014,SELL,IEYI,179.22,3
5015,SELL,RXC,172.42,3
5019,BUY,TLPJ,192.95,6
5024,BUY,FYW,176.42,1
5033,SELL,RXC,128.31,8
5042,BUY,GGO,196.45,10
5049,BUY,FYW,119.28,10
5058,SELL,JJI,182.67,9
5059,SELL,GGO,159.74,2
5066,BUY,GGO,193.65,9
5070,SELL,TLPJ,170.54,1
5073,SELL,FMXQ,160.73,10
5077,SELL,QJJF,153.52,5
5079,BUY,PSBF,146.96,10
5082,SELL,RXC,171.74,5
5092,BUY,JJI,172.14,4
5095,SELL,PVAU,196.25,3
5096,CANCEL,USNZ,150.46,7
5102,BUY,IEYI,188.65,9
5103,BUY,JJI,165.91,6
5112,SELL,JJI,186.83,3
5120,SELL,EJZ,196.07,2
5126,BUY,PSBF,186.44,7
5127,BUY,ACGP,161.3,4
5132,BUY,PVAU,148.18,1
5138,BUY,IEYI,116.02,10
5146,CANCEL,RXC,185.56,5
5155,SELL,FMXQ,114.01,10
5163,SELL,RVU,162.48,1
5164,BUY,GGO,103.81,5
5166,SELL,FMXQ,175.8,1
5167,SELL,SSK,109.53,2
5174,BUY,IEYI,117.51,1
5178,BUY,RXC,149.61,1
5181,SELL,ZWWJ,147.95,7
5188,CANCEL,USNZ,116.16,2
5197,BUY,ACGP,112.2,7
5201,BUY,QJJF,117.38,1
5208,SELL,EJZ,111.16,6
5215,CANCEL,QJJF,116.46,3
5219,SELL,IEYI,164.06,7
5223,CANCEL,JJI,113.68,6
5232,SELL,PVAU,162.29,2
5239,SELL,USNZ,185.56,4
5242,SELL,CHQX,156.78,2
5247,BUY,RXC,160.89,10
5252,SELL,EJZ,155.97,7
5256,BUY,JJI,135.15,2
5266,BUY,EJZ,181.22,8
5267,SELL,PSBF,197.49,9
5272,BUY,VUK,102.06,3
5281,BUY,PVAU,148.69,1
5285,BUY,GGO,151.32,6
5294,SELL,GGO,101.36,3
5295,SELL,AHF,190.95,10
5302,CANCEL,QJJF,187.9,1
5308,SELL,USNZ,161.41,10
5316,SELL,EJZ,160.05,4
5324,SELL,JJI,112.64,2
5331,SELL,IEYI,147.19,3
5336,SELL,FMXQ,119.41,10
5344,BUY,SRBQ,180.8,9
5349,BUY,ACGP,185.77,8
5358,BUY,FMXQ,130.49,8
5367,BUY,ACGP,129.09,6
5372,SELL,TLPJ,154.52,5
5379,BUY,RXC,131.64,1
5389,BUY,IEYI,146.33,9
5398,SELL,QJJF,153.31,4
5399,SELL,AHF,160.43,3
5406,SELL,ACGP,130.69,2
5416,SELL,VUK,192.64,9
5422,SELL,FYW,181.3,6
5426,SELL,RVU,182.7,9
5435,SELL,ACGP,143.16,4
5441,SELL,SRBQ,188.12,2
5451,SELL,USNZ,167.95,8
5461,BUY,RXC,121.47,4
5471,BUY,SSK,112.56,8
5473,CANCEL,JJI,163.02,6
5479,SELL,JJI,110.28,4
5481,BUY,IEYI,113.24,2
5490,SELL,CHQX,101.71,3
5500,CANCEL,USNZ,181.73,4
5509,BUY,AHF,124.31,7
5512,SELL,USNZ,170.45,2
5519,BUY,AHF,160.04,4
5529,BUY,IEYI,112.81,9
5535,BUY,IEYI,148.11,4
5538,BUY,ACGP,138.96,1
5545,BUY,ACGP,130.04,1
5546,BUY,USNZ,106.31,4
5556,SELL,SRBQ,154.89,4
5563,BUY,ZWWJ,158.91,2
5573,BUY,FMXQ,186.68,8
5576,SELL,ZWWJ,166.42,8
5584,BUY,ZWWJ,120.74,2
5586,SELL,SRBQ,172.09,3
5587,BUY,RXC,104.11,2
5592,BUY,AHF,194.78,3
5597,SELL,USNZ,125.63,2
5603,BUY,PVAU,106.1,7
5607,SELL,EJZ,174.77,8
5613,SELL,ZWWJ,153.39,2
5616,BUY,RXC,178.72,8
5626,BUY,ZWWJ,199.98,5
5633,CANCEL,ACGP,151.02,6
5636,BUY,SSK,146.63,6
5639,BUY,JJI,130.1,1
5641,SELL,SSK,126.44,8
5647,SELL,PSBF,159.7,2
5655,BUY,AHF,198.96,6
5658,SELL,GGO,181.02,9
5668,BUY,QJJF,179.51,7
5675,SELL,RXC,144.52,3
5679,BUY,JJI,177.64,1
5686,BUY,CHQX,183.72,6
5694,CANCEL,RVU,123.07,6
5697,CANCEL,JJI,105.5,2
5699,BUY,EJZ,150.84,7
5708,BUY,AHF,158.76,10
5711,BUY,FYW,132.85,10
5715,BUY,ZWWJ,139.36,9
5718,BUY,SRBQ,189.33,4
5725,SELL,PVAU,143.53,3
5729,SELL,PVAU,155.61,10
5731,BUY,EJZ,149.08,8
5734,CANCEL,SSK,150.02,7
5735,BUY,USNZ,192.93,7
5736,SELL,RVU,173.89,10
5739,SELL,VUK,198.69,6
5743,BUY,FMXQ,119.93,3
5745,SELL,FYW,105.45,9
5750,SELL,TLPJ,168.76,3
5753,SELL,USNZ,140.58,3
5757,SELL,AHF,135.16,9
5762,SELL,JJI,101.89,10
5765,SELL,RVU,127.52,2
5772,SELL,FYW,192.34,10
5778,SELL,AHF,170.59,8
5788,BUY,CHQX,129.18,3
5793,SELL,AHF,100.97,5
5797,SELL,FMXQ,157.54,9
5802,BUY,FYW,180.39,8
5812,BUY,VUK,154.66,1
5815,BUY,FMXQ,153.79,6
5821,SELL,EJZ,191.63,5
5828,BUY,USNZ,122.72,7
5837,BUY,JJI,172.46,1
5841,BUY,RXC,150.79,7
5850,SELL,RXC,161.49,2
5855,BUY,IEYI,144.91,2
5864,SELL,CHQX,131.11,2
5866,SELL,PVAU,137.56,8
5874,SELL,SRBQ,166.07,2
5882,BUY,PVAU,171.46,4
5889,BUY,ACGP,134.22,10
5899,SELL,RXC,112.58,4
5900,BUY,FMXQ,192.19,1
5903,BUY,RVU,137.56,6
5906,BUY,JJI,183.02,4
5915,SELL,SRBQ,109.73,7
5921,SELL,QJJF,130.39,1
5922,SELL,VUK,131.48,3
5930,BUY,SSK,146.17,5
5937,BUY,FMXQ,155.7,4
5938,SELL,JJI,141.08,6
5946,SELL,EJZ,108.16,1
5949,SELL,PSBF,169.8,4
5958,BUY,RVU,149.65,5
5963,SELL,USNZ,113.41,4
5973,BUY,ZWWJ,112.68,5
5979,SELL,GGO,162.67,10
5984,BUY,RVU,141.73,6
5991,CANCEL,TLPJ,131.27,6
5992,SELL,CHQX,167.53,3
6001,BUY,ZWWJ,182.49,5
6011,SELL,PVAU,184.74,4
6012,SELL,JJI,137.74,2
6021,BUY,PVAU,175.18,1
6023,BUY,ZWWJ,153.11,8
6025,BUY,SRBQ,177.8,4
6035,SELL,ACGP,112.35,9
6042,SELL,QJJF,119.07,4
6047,CANCEL,CHQX,144.57,3
6056,SELL,TLPJ,119.84,10
6057,SELL,USNZ,183.93,6
6062,BUY,JJI,121.95,9
6069,BUY,AHF,104.68,1
6073,SELL,IEYI,118.97,2
6075,BUY,FYW,160.7,8
6079,SELL,QJJF,137.0,5
6085,SELL,VUK,157.48,5
6087,BUY,GGO,180.83,8
6093,SELL,PSBF,136.85,8
6097,BUY,ACGP,139.79,3
6102,BUY,ACGP,134.16,7
6112,BUY,PSBF,191.97,10
6118,SELL,USNZ,174.27,10
6128,SELL,PSBF,144.4,10
6132,BUY,PVAU,149.52,4
6142,SELL,QJJF,197.56,6
6151,SELL,RVU,106.39,5
6161,BUY,SRBQ,175.39,9
6166,BUY,SSK,155.82,8
6167,BUY,RXC,107.53,3
6174,SELL,SRBQ,174.69,9
6181,SELL,RXC,188.0,2
6187,BUY,RXC,161.48,10
6192,CANCEL,SRBQ,142.77,6
6202,BUY,AHF,153.95,5
6209,CANCEL,EJZ,177.09,2
6211,BUY,CHQX,181.39,4
6221,SELL,TLPJ,160.52,2
6222,BUY,GGO,101.87,9
6223,BUY,FMXQ,109.4,9
6230,CANCEL,VUK,195.59,1
6236,CANCEL,RXC,195.36,1
6245,BUY,JJI,154.4,1
6252,SELL,AHF,140.18,2
6261,BUY,SSK,112.03,7
6265,BUY,QJJF,150.06,8
6267,CANCEL,QJJF,121.75,7
6277,SELL,TLPJ,119.53,7
6280,BUY,VUK,170.46,10
6281,BUY,TLPJ,114.51,6
6286,SELL,QJJF,167.48,5
6295,BUY,ACGP,175.41,6
6301,SELL,VUK,125.55,4
6302,SELL,FYW,189.34,10
6304,SELL,CHQX,193.3,9
6309,BUY,SRBQ,168.73,9
6315,BUY,EJZ,140.86,8
6316,BUY,IEYI,144.91,10
6322,SELL,FMXQ,145.27,7
6324,BUY,FYW,118.47,7
6331,SELL,QJJF,122.54,5
6332,SELL,FYW,114.24,2
6334,BUY,TLPJ,100.34,8
6340,SELL,AHF,120.88,2
6347,SELL,EJZ,169.39,2
6348,BUY,VUK,122.56,5
6351,SELL,IEYI,104.42,9
6354,SELL,TLPJ,119.71,6
6363,BUY,FYW,134.3,1
6364,BUY,FYW,114.99,8
6374,SELL,IEYI,188.45,1
6379,SELL,CHQX,104.07,9
6387,SELL,RXC,116.98,2
6396,BUY,QJJF,191.48,4
6399,SELL,PVAU,155.4,5
6401,BUY,VUK,177.59,9
6409,BUY,PVAU,177.51,1
6412,BUY,SSK,157.82,8
6422,SELL,TLPJ,155.09,7
6427,BUY,FYW,189.11,7
6433,BUY,SSK,108.58,10
6434,SELL,FYW,199.41,9
6438,BUY,ACGP,196.08,10
6442,CANCEL,PSBF,105.6,1
6451,SELL,QJJF,136.73,7
6459,CANCEL,JJI,189.2,8
6466,SELL,FYW,164.41,2
6467,SELL,VUK,113.36,2
6476,BUY,GGO,192.11,9
6485,BUY,SRBQ,107.39,1
6486,BUY,QJJF,153.67,9
6490,BUY,FMXQ,147.68,4
6500,BUY,JJI,120.86,8
6504,BUY,ACGP,190.07,9
6505,SELL,FYW,101.19,2
6506,SELL,VUK,105.35,1
6513,CANCEL,RXC,181.4,2
6520,BUY,RVU,163.97,2
6529,BUY,AHF,150.5,8
6532,BUY,FYW,168.77,8
6539,BUY,PVAU,105.47,3
6546,CANCEL,PSBF,152.66,10
6549,SELL,RVU,189.1,4
6555,SELL,EJZ,115.71,4
6562,SELL,GGO,173.53,4
6563,BUY,SRBQ,122.16,1
6565,BUY,RVU,139.27,6
6566,CANCEL,SSK,118.68,7
6570,BUY,GGO,167.1,5
6577,BUY,ZWWJ,116.72,1
6579,BUY,QJJF,136.26,9
6589,BUY,PVAU,156.14,3
6594,SELL,SRBQ,148.69,10
6596,SELL,ZWWJ,101.39,9
6604,BUY,IEYI,148.17,6
6606,SELL,JJI,141.87,3
6607,CANCEL,RXC,174.26,8
6609,SELL,EJZ,137.92,9
6615,BUY,QJJF,141.24,4
6622,SELL,SRBQ,198.96,3
6629,SELL,RXC,113.97,9
6637,BUY,PVAU,157.32,8
6639,BUY,FYW,124.22,9
6647,BUY,JJI,144.83,9
6657,BUY,JJI,189.69,7
6659,SELL,GGO,166.45,6
6660,BUY,JJI,163.67,6
6665,SELL,SSK,189.21,5
6673,SELL,ACGP,165.71,2
6681,BUY,VUK,174.08,8
6684,BUY,CHQX,114.28,3
6694,BUY,QJJF,157.09,7
6697,SELL,SRBQ,166.16,9
6706,SELL,EJZ,184.57,4
6713,BUY,AHF,110.82,2
6714,BUY,TLPJ,199.84,8
6724,BUY,USNZ,176.23,4
6730,SELL,EJZ,158.2,2
6735,BUY,ACGP,123.23,6
6745,SELL,PVAU,122.52,1
6748,BUY,SSK,107.62,1
6753,CANCEL,ZWWJ,133.1,2
6758,BUY,EJZ,165.15,8
6766,SELL,USNZ,116.99,9
6771,BUY,PSBF,115.24,6
6773,BUY,QJJF,135.1,1
6777,SELL,ACGP,121.29,10
6786,SELL,RXC,132.03,1
6791,SELL,FYW,136.37,9
6799,CANCEL,PSBF,180.46,9
6802,BUY,JJI,185.1,6
6803,BUY,PSBF,188.56,1
6813,CANCEL,USNZ,178.63,1
6820,BUY,PVAU,181.31,10
6823,CANCEL,AHF,182.68,6
6824,SELL,QJJF,199.2,7
6830,BUY,RVU,135.74,9
6838,BUY,IEYI,117.5,10
6847,SELL,FYW,194.32,4
6856,BUY,RXC,199.79,1
6863,CANCEL,ACGP,141.42,2
6869,BUY,RXC,189.59,3
6872,SELL,GGO,188.48,8
6875,SELL,SRBQ,121.79,6
6884,BUY,FYW,124.89,8
6886,BUY,QJJF,118.86,6
6891,CANCEL,PSBF,114.68,2
6901,BUY,TLPJ,108.19,10
6906,BUY,IEYI,142.05,3
6913,BUY,FYW,160.91,9
6914,BUY,EJZ,156.08,9
6923,BUY,GGO,192.11,4
6926,BUY,IEYI,157.1,6
6928,BUY,AHF,136.68,6
6935,SELL,VUK,114.77,2
6944,SELL,GGO,113.54,3
6949,BUY,CHQX,164.95,7
6957,SELL,VUK,169.92,2
6967,SELL,RVU,180.56,9
6969,SELL,SRBQ,185.01,2
6976,CANCEL,FMXQ,194.74,1
6985,SELL,TLPJ,187.94,9
6987,SELL,PSBF,127.93,2
6995,BUY,PVAU,199.81,10
7001,SELL,EJZ,114.17,1
7010,BUY,USNZ,173.83,3
7012,BUY,USNZ,103.59,8
7022,BUY,RVU,143.54,5
7032,SELL,FYW,162.82,2
7038,BUY,SRBQ,164.18,7
7039,SELL,TLPJ,189.94,2
7045,SELL,SRBQ,117.24,9
7048,BUY,FMXQ,183.53,8
7058,SELL,PVAU,119.86,2
7062,BUY,ZWWJ,170.56,5
7066,BUY,QJJF,143.04,9
7069,BUY,JJI,177.34,9
7079,BUY,USNZ,187.28,9
7083,SELL,SSK,137.04,7
7090,BUY,IEYI,141.86,4
7091,SELL,PVAU,174.51,6
7093,CANCEL,QJJF,192.37,9
7097,SELL,RVU,151.99,4
7105,CANCEL,CHQX,114.42,8
7107,SELL,USNZ,139.01,3
7112,BUY,SSK,165.98,6
7113,CANCEL,EJZ,175.71,5
7122,CANCEL,RXC,165.18,8
7125,SELL,ZWWJ,170.2,7
7133,BUY,JJI,135.2,10
7143,SELL,PSBF,154.95,9
7151,BUY,EJZ,189.49,2
7160,SELL,PSBF,146.52,3
7168,SELL,VUK,138.53,4
7169,SELL,PSBF,190.87,4
7171,BUY,QJJF,145.61,7
7176,BUY,CHQX,110.27,1
7177,BUY,FYW,115.36,7
7181,BUY,VUK,103.83,2
7184,BUY,FYW,147.79,2
7187,BUY,AHF,152.57,5
7191,SELL,PVAU,195.81,5
7199,BUY,QJJF,171.47,6
7201,CANCEL,FYW,199.31,4
7202,BUY,JJI,186.77,2
7205,SELL,SRBQ,193.54,6
7208,BUY,AHF,152.51,5
7210,SELL,GGO,156.14,7
7215,BUY,SRBQ,177.98,1
7223,SELL,USNZ,139.12,2
7233,BUY,PVAU,190.97,2
7237,SELL,FYW,164.11,9
7240,BUY,QJJF,132.09,2
7241,BUY,TLPJ,156.94,2
7247,SELL,SRBQ,155.91,8
7256,SELL,SSK,136.46,10
7258,BUY,JJI,119.88,5
7262,SELL,TLPJ,195.07,5
7271,BUY,TLPJ,119.31,5
7281,SELL,ZWWJ,124.19,4
7286,CANCEL,QJJF,134.42,3
7288,BUY,USNZ,115.67,5
7296,BUY,TLPJ,130.13,6
7303,SELL,USNZ,167.71,9
7311,SELL,SSK,108.18,9
7320,SELL,IEYI,191.25,5
7326,BUY,CHQX,131.6,4
7332,BUY,ACGP,105.69,8
7339,CANCEL,AHF,183.7,9
7349,SELL,AHF,159.42,9
7359,BUY,RVU,141.79,8
7364,CANCEL,USNZ,168.12,7
7366,BUY,RXC,197.46,4
7372,SELL,PSBF,188.61,8
7382,BUY,CHQX,133.76,4
7389,SELL,RXC,107.85,5
7397,SELL,SRBQ,177.39,1
7403,BUY,TLPJ,147.31,7
7411,BUY,EJZ,140.05,3
7419,SELL,ACGP,151.32,8
7421,SELL,QJJF,111.87,6
7423,SELL,JJI,169.34,6
7427,BUY,AHF,124.57,2
7434,SELL,SSK,113.43,8
7435,SELL,SRBQ,107.8,5
7438,BUY,CHQX,172.89,9
7446,BUY,ACGP,199.11,9
7452,BUY,SRBQ,167.31,7
7453,BUY,AHF,131.14,1
7458,BUY,AHF,143.15,3
7466,BUY,IEYI,107.33,10
7472,BUY,SSK,106.88,1
7475,SELL,RVU,170.61,4
7482,SELL,TLPJ,109.68,6
7491,BUY,USNZ,108.25,10
7493,BUY,AHF,191.55,3
7498,BUY,RVU,110.72,6
7503,SELL,VUK,158.0,1
7510,BUY,PSBF,170.88,1
7520,CANCEL,JJI,190.85,3
7524,SELL,RXC,112.62,3
7530,SELL,IEYI,125.14,8
7540,SELL,SRBQ,152.68,3
7543,SELL,PVAU,183.48,6
7549,SELL,SRBQ,113.7,7
7558,BUY,SSK,162.52,10
7559,SELL,ZWWJ,102.77,9
7567,CANCEL,CHQX,142.34,7
7570,BUY,QJJF,107.81,6
7580,CANCEL,JJI,141.51,8
7582,SELL,USNZ,109.89,10
7590,SELL,GGO,162.49,5
7597,SELL,PSBF,123.98,3
7605,SELL,TLPJ,117.66,6
7608,SELL,GGO,122.79,9
7613,CANCEL,SSK,137.42,9
7617,BUY,AHF,178.19,2
7625,CANCEL,TLPJ,141.13,1
7635,BUY,IEYI,158.72,4
7638,CANCEL,USNZ,122.01,7
7640,BUY,RXC,136.31,3
7646,BUY,TLPJ,126.69,7
7655,SELL,CHQX,163.85,7
7664,SELL,CHQX,140.25,3
7665,SELL,FMXQ,146.13,1
7675,BUY,FYW,137.98,8
7679,BUY,SSK,145.32,7
7685,BUY,RVU,105.28,10
7686,BUY,EJZ,132.19,2
7695,BUY,GGO,117.25,10
7703,BUY,AHF,159.56,6
7708,BUY,IEYI,158.65,2
7712,BUY,PVAU,167.31,10
7719,SELL,FMXQ,114.11,5
7720,SELL,EJZ,105.43,6
7725,BUY,SRBQ,169.48,3
7727,BUY,AHF,196.57,8
7731,SELL,JJI,174.12,6
7740,BUY,PVAU,186.62,2
7750,SELL,USNZ,138.3,5
7758,BUY,RVU,165.07,10
7768,BUY,JJI,153.12,3
7773,CANCEL,ZWWJ,180.98,5
7781,SELL,FMXQ,167.78,4
7783,SELL,SRBQ,188.97,4
7791,SELL,AHF,102.37,10
7798,SELL,RVU,178.93,5
7805,SELL,PVAU,143.68,1
7810,SELL,FMXQ,119.52,1
7812,BUY,IEYI,152.45,7
7813,BUY,AHF,109.93,7
7822,SELL,GGO,123.6,1
7832,BUY,TLPJ,125.07,2
7841,SELL,IEYI,107.71,2
7842,CANCEL,JJI,131.03,10
7849,SELL,RXC,112.75,10
7854,CANCEL,IEYI,103.05,5
7862,SELL,USNZ,193.51,8
7863,BUY,RXC,111.38,5
7867,BUY,RVU,141.18,6
7868,CANCEL,PVAU,159.21,9
7874,CANCEL,JJI,192.72,9
7883,BUY,PVAU,123.75,3
7892,BUY,GGO,170.8,5
7899,BUY,IEYI,134.88,9
7905,SELL,IEYI,124.58,1
7908,SELL,TLPJ,188.35,3
7918,BUY,IEYI,101.55,5
7920,BUY,USNZ,117.0,6
7929,SELL,ACGP,180.96,7
7930,CANCEL,ACGP,132.29,2
7938,SELL,QJJF,172.32,9
7947,SELL,USNZ,135.22,5
7956,BUY,QJJF,192.08,4
7961,BUY,FMXQ,153.32,5
7969,SELL,RVU,192.25,2
7975,SELL,TLPJ,163.73,2
7983,SELL,SSK,126.43,7
7987,BUY,FMXQ,101.79,1
7994,BUY,ZWWJ,190.4,7
8003,BUY,SRBQ,100.1,5
8011,BUY,FYW,135.0,10
8017,CANCEL,USNZ,155.89,3
8024,SELL,JJI,185.21,10
8025,CANCEL,ACGP,105.69,10
8030,SELL,VUK,190.51,3
8038,BUY,RVU,192.52,2
8039,BUY,SSK,172.72,5
8045,SELL,PVAU,172.52,4
8048,SELL,SSK,194.52,1
8058,SELL,ACGP,181.64,10
8059,BUY,EJZ,111.93,1
8060,SELL,SSK,184.23,8
8068,CANCEL,CHQX,105.37,6
8075,SELL,QJJF,156.15,5
8085,BUY,ZWWJ,141.49,8
8095,BUY,SRBQ,134.62,3
8102,SELL,FMXQ,131.72,7
8109,BUY,USNZ,123.9,4
8111,SELL,TLPJ,165.2,10
8116,BUY,PSBF,146.74,1
8126,BUY,ZWWJ,175.86,7
8132,BUY,ACGP,156.79,5
8133,SELL,GGO,181.94,3
8143,SELL,RVU,157.97,8
8151,SELL,ZWWJ,110.92,9
8153,BUY,SSK,110.52,10
8154,BUY,RVU,175.13,3
8164,BUY,VUK,160.7,9
8166,BUY,IEYI,123.46,1
8176,SELL,JJI,111.8,2
8185,BUY,RXC,119.55,7
8195,BUY,JJI,106.94,5
8204,SELL,EJZ,111.7,3
8210,BUY,ACGP,152.23,8
8220,BUY,CHQX,180.32,10
8226,CANCEL,RXC,118.18,4
8231,SELL,CHQX,138.01,1
8236,SELL,VUK,190.65,2
8245,SELL,VUK,151.53,10
8250,BUY,CHQX,120.17,4
8251,SELL,FYW,160.6,4
8254,SELL,SRBQ,198.25,6
8260,BUY,CHQX,112.33,6
8266,SELL,SRBQ,189.09,4
8269,BUY,PSBF,111.36,1
8279,CANCEL,VUK,132.1,9
8281,BUY,IEYI,126.73,8
8283,SELL,PVAU,140.07,6
8291,SELL,PVAU,114.56,6
8296,SELL,FMXQ,148.36,8
8300,BUY,VUK,164.59,1
8304,BUY,SSK,127.41,8
8307,SELL,QJJF,158.7,9
8315,BUY,AHF,158.82,10
8319,BUY,PSBF,105.02,3
8324,BUY,JJI,154.45,9
8332,CANCEL,SRBQ,155.58,6
8336,BUY,EJZ,103.01,10
8340,SELL,VUK,149.09,8
8347,CANCEL,JJI,186.22,6
8350,SELL,ZWWJ,123.83,8
8359,BUY,AHF,153.96,8
8369,BUY,GGO,176.34,3
8376,SELL,JJI,111.87,5
8386,SELL,CHQX,114.03,5
8388,BUY,JJI,136.11,3
8391,BUY,IEYI,129.15,5
8401,SELL,VUK,119.07,2
8409,BUY,FMXQ,190.83,2
8415,BUY,EJZ,165.34,5
8425,BUY,JJI,147.15,8
8430,CANCEL,GGO,170.43,4
8433,SELL,QJJF,164.88,5
8437,BUY,TLPJ,177.76,9
8444,SELL,ACGP,149.92,3
8447,BUY,VUK,170.07,3
8456,SELL,RVU,192.7,1
8465,SELL,PSBF,183.39,3
8468,CANCEL,FMXQ,137.57,5
8476,BUY,TLPJ,124.47,2
8481,SELL,IEYI,187.45,7
8485,SELL,RXC,120.17,5
8486,CANCEL,CHQX,112.86,4
8494,CANCEL,FYW,159.81,3
8495,BUY,SRBQ,177.96,3
8503,CANCEL,TLPJ,174.94,6
8513,BUY,USNZ,121.95,6
8514,CANCEL,CHQX,106.36,4
8518,BUY,VUK,182.62,2
8528,SELL,SSK,168.22,9
8529,SELL,RXC,126.68,2
8536,SELL,SRBQ,127.19,10
8543,CANCEL,PSBF,141.21,4
8550,SELL,SSK,105.52,6
8558,SELL,QJJF,166.38,4
8560,SELL,GGO,119.22,10
8561,BUY,FMXQ,132.96,10
8571,BUY,EJZ,133.11,10
8576,SELL,FMXQ,111.55,7
8584,BUY,TLPJ,113.48,1
8594,SELL,ACGP,156.69,4
8595,BUY,RVU,164.84,5
8599,BUY,USNZ,115.84,7
8608,BUY,ZWWJ,190.96,8
8611,BUY,IEYI,189.47,1
8616,BUY,CHQX,146.32,8
8618,BUY,ACGP,181.15,6
8627,SELL,FMXQ,155.92,9
8630,SELL,EJZ,159.11,9
8639,BUY,SSK,143.18,8
8641,SELL,PVAU,123.25,8
8651,BUY,USNZ,158.13,9
8655,BUY,ACGP,101.08,6
8664,SELL,PSBF,154.62,9
8669,BUY,VUK,116.6,1
8679,SELL,JJI,138.91,1
8684,BUY,JJI,184.4,7
8694,BUY,USNZ,126.55,9
8696,SELL,GGO,111.27,6
8704,SELL,JJI,135.17,9
8705,BUY,FYW,105.98,6
8714,BUY,ACGP,119.4,1
8720,SELL,PSBF,157.69,3
8728,BUY,RVU,185.59,7
8737,BUY,ACGP,149.04,7
8746,SELL,SSK,172.31,7
8749,SELL,QJJF,102.78,7
8754,SELL,ACGP,194.48,4
8755,BUY,AHF,173.33,5
8764,SELL,RVU,115.81,2
8772,BUY,FMXQ,107.37,7
8781,BUY,USNZ,153.73,5
8789,BUY,AHF,102.47,5
8797,BUY,IEYI,132.85,9
8803,SELL,TLPJ,171.78,5
8804,SELL,ACGP,168.31,9
8807,BUY,VUK,167.34,6
8814,SELL,VUK,176.69,10
8824,SELL,RXC,151.48,10
8828,BUY,PVAU,151.75,10
8836,SELL,SRBQ,102.24,2
8839,SELL,IEYI,194.43,5
8843,BUY,RVU,175.48,3
8847,SELL,ACGP,164.17,5
8854,BUY,AHF,111.88,8
8860,SELL,EJZ,101.07,7
8870,BUY,TLPJ,181.45,2
8877,SELL,IEYI,135.62,5
8886,BUY,FYW,170.44,9
8889,BUY,RXC,196.27,10
8898,BUY,ACGP,178.81,8
8908,SELL,ZWWJ,165.39,5
8915,SELL,ACGP,131.86,5
8923,SELL,IEYI,135.1,5
8929,BUY,SSK,111.86,1
8931,SELL,ZWWJ,185.76,7
8937,BUY,SRBQ,189.36,2
8942,BUY,ZWWJ,133.39,6
8952,CANCEL,CHQX,145.06,9
8958,SELL,SRBQ,140.28,8
8966,BUY,CHQX,142.16,3
8976,BUY,FMXQ,158.49,4
8982,BUY,RVU,167.11,1
8991,SELL,PVAU,176.69,4
8992,CANCEL,SRBQ,188.16,10
8995,SELL,FMXQ,134.49,10
9001,BUY,ZWWJ,162.34,8
9011,SELL,RVU,197.56,6
9013,BUY,RXC,141.76,6
9023,BUY,QJJF,102.57,9
9030,BUY,JJI,126.62,4
9039,SELL,USNZ,165.29,5
9040,BUY,ACGP,106.73,9
9043,SELL,FMXQ,154.75,5
9050,BUY,FYW,104.89,10
9060,SELL,CHQX,185.55,1
9069,SELL,GGO,168.61,4
9072,BUY,ZWWJ,107.48,1
9075,CANCEL,SRBQ,157.92,7
9082,SELL,ACGP,153.25,3
9089,SELL,QJJF,132.88,1
9093,BUY,VUK,154.58,5
9098,SELL,PSBF,106.24,7
9102,BUY,FYW,113.54,9
9104,BUY,CHQX,162.68,2
9112,BUY,CHQX,143.12,7
9122,SELL,QJJF,174.27,3
9124,SELL,SSK,196.61,6
9130,SELL,SSK,124.72,9
9132,BUY,GGO,111.05,4
9140,BUY,CHQX,150.67,3
9144,SELL,USNZ,160.99,7
9147,SELL,FYW,124.26,10
9156,SELL,IEYI,126.78,7
9162,CANCEL,FMXQ,112.55,6
9171,BUY,EJZ,134.29,5
9175,CANCEL,PSBF,131.37,5
9183,SELL,TLPJ,190.85,4
9193,CANCEL,QJJF,183.98,2
9195,BUY,EJZ,114.86,2
9199,BUY,USNZ,193.85,9
9205,BUY,IEYI,115.61,8
9215,SELL,RXC,155.2,7
9225,BUY,RVU,100.87,3
9233,SELL,RXC,161.23,2
9236,SELL,QJJF,122.44,7
9241,CANCEL,RVU,111.57,10
9248,SELL,FMXQ,103.7,3
9256,BUY,TLPJ,191.99,10
9266,BUY,JJI,126.16,2
9267,SELL,CHQX,165.4,4
9271,BUY,GGO,147.9,5
9278,BUY,FMXQ,193.1,6
9288,SELL,VUK,142.9,3
9298,SELL,PVAU,174.14,6
9300,BUY,RVU,109.66,10
9310,SELL,PSBF,132.29,10
9311,BUY,PVAU,145.92,6
9320,BUY,VUK,141.81,4
9330,SELL,PSBF,152.73,10
9338,SELL,FMXQ,150.51,3
9341,BUY,SRBQ,130.95,4
9343,SELL,QJJF,184.29,10
9353,SELL,AHF,130.32,6
9356,SELL,SSK,194.64,6
9361,SELL,SSK,164.62,9
9363,SELL,AHF,144.69,5
9370,SELL,RVU,195.45,1
9379,SELL,CHQX,140.64,1
9387,SELL,ACGP,178.21,8
9388,BUY,RVU,165.63,3
9391,SELL,AHF,112.1,8
9392,CANCEL,FYW,146.36,4
9394,SELL,ZWWJ,115.59,6
9402,BUY,TLPJ,140.04,10
9405,SELL,ZWWJ,190.15,8
9412,SELL,JJI,162.47,5
9418,CANCEL,ZWWJ,126.82,5
9423,BUY,PSBF,107.15,3
9424,SELL,QJJF,113.77,3
9431,SELL,SRBQ,191.93,8
9435,BUY,PVAU,122.08,10
9439,CANCEL,PSBF,194.45,6
9445,CANCEL,CHQX,109.3,10
9447,BUY,FYW,134.93,8
9449,BUY,AHF,188.36,7
9455,BUY,FMXQ,132.95,3
9457,BUY,FYW,154.38,4
9460,BUY,AHF,103.75,1
9464,SELL,RXC,141.44,9
9470,BUY,ACGP,187.89,8
9473,SELL,JJI,111.17,1
9480,BUY,GGO,190.43,1
9485,BUY,RVU,132.14,2
9495,BUY,RVU,141.74,1
9505,BUY,PVAU,131.96,10
9513,CANCEL,PSBF,122.94,1
9515,BUY,FMXQ,141.08,7
9516,BUY,QJJF,117.62,2
9524,SELL,VUK,172.08,2
9533,SELL,PSBF,160.81,2
9537,BUY,TLPJ,151.71,7
9544,CANCEL,ZWWJ,102.88,7
9546,SELL,CHQX,102.97,8
9553,BUY,FMXQ,145.47,8
9561,SELL,USNZ,171.32,5
9563,SELL,QJJF,112.71,10
9573,BUY,GGO,168.72,1
9577,SELL,USNZ,101.3,5
9578,SELL,GGO,173.96,7
9584,SELL,FYW,120.63,1
9593,SELL,IEYI,135.42,2
9598,SELL,TLPJ,185.59,7
9599,BUY,CHQX,162.19,2
9605,SELL,GGO,192.98,7
9610,SELL,JJI,121.08,7
9615,BUY,JJI,175.01,9
9624,CANCEL,QJJF,105.09,4
9628,BUY,ZWWJ,151.28,4
9629,SELL,GGO,167.8,3
9631,SELL,ZWWJ,102.82,3
9634,CANCEL,FMXQ,175.11,7
9643,BUY,EJZ,123.08,10
9651,BUY,PVAU,128.94,4
9657,SELL,VUK,182.31,8
9667,BUY,SSK,128.72,8
9671,SELL,RVU,180.61,2
9679,BUY,IEYI,142.39,6
9687,BUY,RXC,120.73,9
9695,BUY,PVAU,119.89,2
9698,SELL,QJJF,112.98,2
9705,BUY,CHQX,120.2,2
9711,SELL,VUK,119.34,3
9712,BUY,PSBF,109.24,10
9718,CANCEL,AHF,187.75,9
9721,BUY,SSK,134.83,8
9726,SELL,CHQX,101.87,8
9732,SELL,IEYI,137.63,7
9737,SELL,QJJF,105.98,2
9740,CANCEL,EJZ,137.22,1
9742,SELL,GGO,123.36,7
9743,SELL,PSBF,182.4,8
9745,SELL,FYW,140.62,3
9755,SELL,AHF,164.48,10
9758,BUY,JJI,132.29,1
9761,BUY,RXC,131.76,2
9767,SELL,GGO,180.96,3
9775,BUY,SSK,125.85,2
9784,SELL,SRBQ,175.44,2
9794,BUY,FMXQ,187.68,7
9802,BUY,JJI,127.32,1
9806,BUY,FMXQ,118.3,10
9816,SELL,EJZ,121.6,7
9818,BUY,EJZ,181.37,8
9828,BUY,JJI,142.55,1
9833,SELL,PSBF,185.36,4
9835,SELL,ACGP,189.49,1
9840,SELL,AHF,110.3,6
9848,SELL,SSK,182.34,5
9856,BUY,EJZ,152.46,6
9866,BUY,FYW,181.54,10
9871,BUY,FYW,168.06,6
9880,BUY,ACGP,123.12,3
9888,CANCEL,CHQX,106.44,5
9891,SELL,JJI,170.11,3
9898,BUY,ACGP,102.85,1
9899,BUY,FYW,160.9,3
9909,SELL,ACGP,141.04,1
9918,BUY,TLPJ,105.06,1
9923,CANCEL,JJI,110.75,10
9933,CANCEL,RVU,119.05,7
9941,BUY,FMXQ,117.7,10
9950,BUY,EJZ,123.24,6
9951,CANCEL,ACGP,165.74,10
9955,BUY,ACGP,138.78,7
9956,SELL,ZWWJ,171.85,4
9963,CANCEL,FYW,184.38,8
9964,BUY,ACGP,164.58,9
9965,SELL,FMXQ,130.04,4
9969,BUY,RVU,125.67,6
9979,SELL,JJI,182.94,9
9987,BUY,JJI,148.1,10
9993,BUY,USNZ,109.91,10
9996,SELL,SSK,128.31,9
10004,SELL,JJI,192.55,1
10012,SELL,VUK,118.93,8
10014,CANCEL,VUK,111.35,5
10015,SELL,ZWWJ,173.13,4
10023,BUY,PVAU,151.72,5
10030,BUY,ACGP,181.86,4
10033,BUY,SSK,109.39,3
10035,BUY,RVU,118.15,9
10039,BUY,QJJF,134.65,10
10043,SELL,FMXQ,183.12,2
10049,BUY,RVU,110.76,6
10058,BUY,ACGP,147.48,8
10064,SELL,RXC,189.48,5
10071,SELL,JJI,181.04,1
10078,BUY,RXC,103.65,1
10084,BUY,RVU,135.36,3
10085,SELL,RVU,176.6,3
10092,SELL,TLPJ,146.81,5
10102,SELL,ACGP,148.23,2
10103,SELL,VUK,106.93,9
10111,SELL,JJI,114.58,5
10120,BUY,ZWWJ,148.26,2
10128,BUY,TLPJ,194.14,2
10136,BUY,QJJF,128.98,6
10139,SELL,TLPJ,115.44,9
10144,BUY,TLPJ,118.17,7
10150,BUY,GGO,187.11,8
10158,BUY,GGO,180.52,6
10160,SELL,FYW,158.82,7
10161,SELL,SRBQ,105.02,7
10169,BUY,PVAU,157.04,5
10177,BUY,GGO,165.2,3
10187,BUY,FMXQ,124.56,3
10193,SELL,USNZ,180.39,9
10202,SELL,FMXQ,148.47,9
10211,SELL,ZWWJ,108.88,7
10216,BUY,GGO,171.03,3
10221,BUY,RXC,106.87,1
10224,SELL,QJJF,102.52,2
10226,BUY,PSBF,165.37,2
10231,SELL,IEYI,113.16,7
10234,SELL,RXC,105.32,5
10238,BUY,RXC,105.98,4
10248,SELL,QJJF,189.65,1
10253,BUY,SRBQ,114.36,4
10263,SELL,TLPJ,138.27,10
10266,BUY,ZWWJ,150.15,8
10267,BUY,PVAU,127.67,9
10274,SELL,AHF,197.1,5
10278,BUY,AHF,170.9,1
10279,BUY,GGO,145.54,1
10281,BUY,SSK,160.96,10
10287,BUY,IEYI,140.01,3
10290,CANCEL,GGO,196.12,1
10292,BUY,FMXQ,131.25,5
10293,BUY,IEYI,199.63,7
10297,BUY,VUK,121.33,1
10304,BUY,PSBF,110.81,9
10313,BUY,CHQX,154.59,8
10321,SELL,SSK,111.4,4
10323,SELL,FYW,197.57,8
10328,BUY,FYW,178.87,8
10335,BUY,EJZ,107.45,2
10339,SELL,TLPJ,192.53,5
10342,SELL,RVU,164.07,2
10345,BUY,SRBQ,127.06,7
10355,BUY,PSBF,131.51,1
10364,SELL,SRBQ,180.25,4
10365,BUY,ZWWJ,113.31,7
10366,SELL,EJZ,188.96,9
10376,SELL,EJZ,168.33,3
10381,SELL,VUK,129.41,5
10382,SELL,FYW,127.1,2
10389,SELL,PVAU,153.68,3
10398,CANCEL,PSBF,117.19,5
10405,BUY,PVAU,148.85,8
10413,CANCEL,FYW,161.64,1
10417,BUY,GGO,199.35,9
10419,BUY,IEYI,174.92,8
10426,SELL,AHF,165.15,1
10428,BUY,ACGP,179.48,8
10438,BUY,IEYI,110.85,9
10442,CANCEL,QJJF,188.52,8
10450,CANCEL,CHQX,119.36,4
10458,BUY,ACGP,154.61,10
10461,SELL,FYW,158.75,7
10463,SELL,RVU,106.26,3
10465,BUY,SSK,129.53,10
10470,SELL,CHQX,138.14,7
10477,BUY,PVAU,128.37,9
10485,CANCEL,CHQX,124.92,7
10491,SELL,CHQX,138.48,2
10499,BUY,GGO,139.54,10
10502,BUY,PSBF,188.33,8
10511,SELL,PSBF,199.5,6
10520,SELL,PSBF,198.64,6
10524,SELL,SSK,169.57,5
10531,SELL,TLPJ,190.98,6
10534,SELL,FYW,104.52,4
10535,BUY,USNZ,166.48,8
10538,BUY,SSK,148.41,8
10543,SELL,PSBF,172.26,2
10547,BUY,QJJF,123.46,7
10553,SELL,RVU,162.12,1
10560,BUY,AHF,152.68,2
10562,BUY,QJJF,149.75,5
10566,CANCEL,QJJF,122.89,7
10570,BUY,PVAU,139.41,5
10575,BUY,ACGP,190.79,7
10579,SELL,RXC,197.51,4
10585,BUY,CHQX,193.22,2
10588,BUY,AHF,163.18,3
10592,SELL,SRBQ,115.92,9
10596,BUY,FMXQ,133.44,7
10605,SELL,EJZ,172.59,8
10613,CANCEL,SRBQ,160.48,9
10614,CANCEL,SRBQ,145.03,10
10619,BUY,RXC,135.41,8
10622,CANCEL,QJJF,116.23,9
10632,SELL,PVAU,172.13,7
10633,SELL,FMXQ,130.62,1
10634,SELL,QJJF,110.5,8
10642,SELL,IEYI,169.07,10
10648,BUY,ACGP,113.68,2
10652,SELL,QJJF,187.85,10
10658,SELL,FMXQ,186.64,8
10664,BUY,JJI,116.92,6
10674,CANCEL,TLPJ,198.68,4
10675,BUY,PVAU,167.81,1
10676,CANCEL,VUK,152.12,3
10680,SELL,FYW,182.61,7
10687,SELL,JJI,192.05,10
10696,SELL,SRBQ,197.3,2
10705,SELL,PSBF,126.03,8
10707,BUY,SSK,101.7,5
10713,BUY,VUK,164.45,9
10720,BUY,FMXQ,170.58,9
10722,SELL,PSBF,187.91,2
10723,BUY,SSK,159.73,1
10724,BUY,IEYI,194.5,5
10734,BUY,VUK,173.66,7
10739,SELL,PSBF,184.29,5
10742,BUY,PSBF,184.95,1
10746,SELL,ZWWJ,112.98,9
10749,SELL,QJJF,132.4,5
10757,BUY,TLPJ,113.98,7
10761,BUY,RVU,165.05,4
10766,BUY,JJI,138.01,4
10769,BUY,FMXQ,159.87,7
10771,CANCEL,SRBQ,178.1,6
10776,BUY,FMXQ,193.26,3
10786,BUY,TLPJ,134.78,8
10787,BUY,TLPJ,172.91,3
10788,SELL,ACGP,144.85,7
10792,SELL,FMXQ,181.44,4
10798,SELL,FYW,151.93,6
10802,BUY,PVAU,139.2,8
10805,BUY,FMXQ,199.25,6
10808,CANCEL,FYW,121.81,6
10810,CANCEL,PSBF,176.33,8
10811,SELL,PVAU,195.49,3
10815,BUY,VUK,100.07,5
10821,SELL,RVU,187.34,10
10824,SELL,SRBQ,128.97,9
10830,CANCEL,QJJF,138.12,10
10837,BUY,SRBQ,197.93,1
10845,SELL,PSBF,165.17,1
10847,BUY,FYW,139.44,5
10849,BUY,FYW,107.14,8
10856,BUY,USNZ,196.18,4
10858,CANCEL,RVU,140.1,7
10864,BUY,PSBF,167.61,1
10867,SELL,PVAU,121.26,5
10868,CANCEL,JJI,169.68,7
10877,BUY,ACGP,181.13,4
10885,BUY,PSBF,110.14,7
10890,SELL,RVU,146.35,9
10895,CANCEL,GGO,108.05,7
10896,BUY,ZWWJ,182.39,4
10904,SELL,PSBF,191.49,9
10906,BUY,SRBQ,108.62,7
10911,SELL,SRBQ,175.09,1
10920,SELL,JJI,144.31,7
10928,CANCEL,FYW,188.91,5
10931,BUY,VUK,135.93,7
10941,BUY,EJZ,187.06,8
10948,BUY,TLPJ,117.54,3
10951,SELL,PVAU,162.48,8
10960,SELL,JJI,153.25,7
10966,BUY,FYW,196.21,8
10971,SELL,ZWWJ,158.88,10
10974,CANCEL,VUK,102.47,2
10977,BUY,PVAU,128.42,1
10987,BUY,SSK,147.49,9
10991,SELL,TLPJ,102.25,4
10999,BUY,AHF,148.38,5
11003,BUY,RVU,129.21,4
11005,BUY,JJI,120.05,3
11012,BUY,RVU,170.28,6
11020,BUY,ZWWJ,111.48,2
11025,SELL,IEYI,169.35,1
11034,BUY,SSK,178.67,1
11037,BUY,FMXQ,164.77,2
11047,SELL,PVAU,107.59,2
11054,BUY,SRBQ,195.72,5
11063,CANCEL,QJJF,187.84,4
11064,BUY,ACGP,188.42,2
11066,SELL,FMXQ,168.11,4
11075,SELL,GGO,122.24,1
11077,SELL,EJZ,113.31,3
11087,SELL,QJJF,103.8,4
11093,SELL,QJJF,182.97,4
11103,SELL,ACGP,174.45,10
11104,BUY,VUK,132.86,6
11105,BUY,PVAU,102.21,3
11114,SELL,RXC,190.07,9
11122,SELL,USNZ,143.89,6
11128,SELL,JJI,166.97,8
11131,SELL,SSK,130.52,5
11140,BUY,SRBQ,166.48,7
11148,BUY,QJJF,148.76,8
11153,SELL,RXC,174.41,5
11161,SELL,VUK,152.65,7
11166,SELL,USNZ,183.64,10
11176,BUY,ACGP,159.21,2
11181,BUY,PVAU,101.65,6
11189,BUY,RXC,180.09,5
11192,SELL,AHF,194.45,6
11194,SELL,EJZ,193.38,2
11201,BUY,JJI,151.27,1
11204,BUY,RXC,188.5,7
11213,CANCEL,EJZ,156.24,1
11219,BUY,FMXQ,147.83,3
11226,SELL,CHQX,144.71,3
11233,CANCEL,RXC,101.96,10
11241,BUY,SRBQ,117.35,5
11245,SELL,ZWWJ,142.68,7
11253,SELL,PVAU,165.79,4
11262,SELL,RVU,101.03,6
11272,SELL,JJI,161.3,7
11273,BUY,SSK,128.31,4
11276,BUY,RVU,153.73,4
11279,SELL,SRBQ,160.55,3
11285,SELL,CHQX,170.56,9
11291,CANCEL,TLPJ,124.85,7
11295,SELL,PSBF,101.13,5
11300,BUY,FYW,172.94,6
11309,SELL,CHQX,155.92,10
11319,CANCEL,SSK,146.81,1
11322,CANCEL,TLPJ,170.31,6
11330,BUY,PSBF,149.0,8
11335,SELL,RXC,112.46,3
11341,SELL,CHQX,145.76,2
11346,BUY,ZWWJ,129.81,10
11353,BUY,TLPJ,159.58,7
11359,SELL,TLPJ,157.03,3
11363,SELL,FYW,130.3,9
11371,SELL,USNZ,117.21,9
11374,BUY,AHF,151.21,6
11377,BUY,FYW,186.59,10
11387,BUY,RXC,196.84,6
11394,BUY,VUK,157.7,7
11395,BUY,TLPJ,173.43,5
11400,BUY,PSBF,168.9,5
11409,SELL,JJI,109.6,8
11416,SELL,PVAU,109.28,3
11426,BUY,TLPJ,113.2,6
11428,SELL,VUK,142.21,5
11429,SELL,PVAU,170.28,4
11436,BUY,SRBQ,146.0,10
11441,BUY,ZWWJ,115.49,4
11444,CANCEL,USNZ,171.8,8
11447,SELL,QJJF,105.86,4
11453,SELL,TLPJ,158.04,2
11462,CANCEL,VUK,149.67,4
11464,BUY,IEYI,122.82,10
11469,BUY,USNZ,147.53,4
11472,BUY,TLPJ,107.09,4
11473,SELL,RVU,129.21,9
11478,BUY,PSBF,196.01,8
11482,BUY,ACGP,172.83,3
11484,SELL,EJZ,176.32,10
11493,BUY,EJZ,192.94,10
11496,BUY,EJZ,157.55,6
11504,SELL,SSK,168.0,2
11513,SELL,IEYI,125.15,5
11515,BUY,SRBQ,183.69,8
11525,SELL,EJZ,162.94,5
11531,BUY,CHQX,195.11,2
11537,BUY,RXC,106.74,3
11540,BUY,GGO,189.15,1
11544,CANCEL,SSK,171.82,7
11552,SELL,PSBF,136.73,3
11562,BUY,PSBF,108.33,4
11568,SELL,CHQX,152.49,8
11575,SELL,SSK,172.68,3
11584,SELL,VUK,123.04,8
11594,CANCEL,SSK,171.61,1
11602,BUY,ACGP,129.53,4
11606,BUY,SSK,153.41,3
11612,SELL,USNZ,138.69,10
11620,BUY,RXC,149.47,1
11626,BUY,PSBF,136.09,5
11627,SELL,IEYI,188.89,1
11631,SELL,ACGP,159.03,1
11637,BUY,FMXQ,131.82,3
11638,CANCEL,RVU,162.99,5
11642,SELL,JJI,167.66,10
11651,BUY,ACGP,179.14,7
11653,BUY,PVAU,124.81,3
11657,BUY,ZWWJ,138.34,8
11666,SELL,PVAU,105.57,7
11667,SELL,USNZ,143.57,5
11671,BUY,IEYI,112.29,10
11681,SELL,EJZ,150.81,2
11684,SELL,PVAU,102.5,8
11694,SELL,FMXQ,165.58,7
11698,SELL,TLPJ,152.59,3
11699,SELL,SSK,107.24,10
11705,SELL,PSBF,139.43,10
11708,SELL,USNZ,103.85,10
11716,SELL,PVAU,153.02,10
11720,BUY,PVAU,196.27,3
11725,BUY,VUK,114.33,2
11727,BUY,CHQX,169.86,2
11729,BUY,CHQX,188.69,1
11730,SELL,VUK,190.87,9
11732,SELL,QJJF,121.44,3
11733,SELL,AHF,117.17,7
11740,BUY,QJJF,113.68,6
11742,BUY,PSBF,162.98,3
11746,SELL,ZWWJ,148.52,1
11747,BUY,JJI,127.41,8
11753,SELL,USNZ,150.23,10
11762,SELL,IEYI,115.54,2
11770,BUY,TLPJ,159.54,8
11774,BUY,SRBQ,113.02,4
11778,SELL,TLPJ,163.18,2
11788,SELL,PVAU,199.04,4
11795,BUY,IEYI,161.39,4
11798,SELL,FMXQ,161.19,1
11800,CANCEL,TLPJ,111.36,7
11803,SELL,FYW,159.82,9
11811,SELL,RVU,155.49,6
11816,BUY,RXC,178.52,4
11824,SELL,RXC,110.15,7
11832,CANCEL,GGO,154.83,10
11836,BUY,IEYI,180.38,10
11838,SELL,FMXQ,111.15,9
11845,BUY,ACGP,111.81,6
11853,SELL,QJJF,192.22,1
11856,SELL,EJZ,196.62,5
11864,SELL,JJI,168.28,10
11867,SELL,VUK,137.65,6
11869,BUY,AHF,131.88,9
11876,SELL,SSK,156.76,8
11879,SELL,SRBQ,127.04,2
11881,SELL,SSK,174.48,3
11886,BUY,JJI,140.67,4
11896,SELL,JJI,117.77,6
11899,SELL,SSK,144.24,1
11903,SELL,JJI,174.43,5
11913,SELL,PSBF,180.03,3
11916,BUY,FMXQ,158.78,4
11921,SELL,SSK,170.46,8
11931,SELL,VUK,106.39,10
11932,BUY,RXC,171.28,3
11942,SELL,EJZ,187.59,10
11944,BUY,ACGP,119.96,1
11953,CANCEL,TLPJ,191.23,3
11957,BUY,ACGP,140.69,10
11962,SELL,SRBQ,156.61,3
11963,BUY,IEYI,115.22,10
11965,CANCEL,RVU,123.44,5
11974,BUY,AHF,198.43,10
11977,CANCEL,RVU,195.56,3
11983,SELL,FMXQ,190.38,3
11990,SELL,TLPJ,145.54,3
11999,SELL,CHQX,176.58,9
12008,BUY,FMXQ,143.7,6
12016,SELL,VUK,158.82,7
12022,SELL,RXC,190.1,6
12030,BUY,RVU,175.34,2
12040,SELL,USNZ,184.18,5
12047,BUY,TLPJ,191.76,4
12057,SELL,FYW,128.7,3
12059,SELL,JJI,179.82,4
12069,BUY,AHF,161.94,5
12079,SELL,PVAU,169.16,1
12085,SELL,EJZ,101.07,10
12089,BUY,ACGP,141.13,9
12094,SELL,SSK,109.83,1
12098,BUY,QJJF,133.65,1
12100,BUY,FYW,182.2,4
12109,BUY,QJJF,119.68,10
12114,SELL,ACGP,154.43,4
12119,CANCEL,USNZ,196.46,10
12125,SELL,FYW,151.73,4
12133,SELL,CHQX,178.51,6
12136,BUY,PVAU,112.92,6
12139,SELL,ZWWJ,119.28,7
12146,SELL,QJJF,148.88,4
12153,CANCEL,SSK,187.17,3
12160,BUY,SSK,199.54,4
12170,SELL,SSK,195.2,1
12173,SELL,ACGP,170.84,4
12183,SELL,USNZ,134.59,9
12184,BUY,ZWWJ,139.84,8
12189,BUY,TLPJ,118.44,5
12195,BUY,CHQX,124.39,1
12202,BUY,IEYI,196.43,10
12207,BUY,IEYI,192.54,8
12213,BUY,ACGP,178.08,7
12217,BUY,SSK,164.03,5
12220,SELL,RVU,127.73,10
12226,BUY,VUK,197.15,1
12230,SELL,TLPJ,149.1,7
12231,BUY,USNZ,135.53,2
12239,SELL,ACGP,111.12,5
12245,BUY,RVU,144.71,1
12248,SELL,PVAU,160.58,1
12256,BUY,EJZ,192.34,9
12258,BUY,ACGP,172.41,8
12259,BUY,ZWWJ,158.34,9
12262,BUY,FYW,100.11,9
12269,BUY,IEYI,170.17,4
12273,BUY,AHF,129.07,9
12278,SELL,QJJF,142.8,8
12286,SELL,RXC,135.32,3
12287,BUY,ZWWJ,126.57,5
12292,BUY,FYW,126.18,7
12302,BUY,PSBF,171.57,3
12312,SELL,ACGP,109.99,4
12317,BUY,FMXQ,101.05,9
12320,BUY,EJZ,197.09,8
12324,SELL,ZWWJ,180.5,5
12333,BUY,IEYI,135.36,7
12340,BUY,RXC,103.02,4
12348,BUY,EJZ,136.71,4
12356,SELL,ZWWJ,158.25,6
12361,BUY,FYW,174.68,8
12370,SELL,AHF,162.3,2
12377,SELL,IEYI,122.54,7
12386,SELL,USNZ,127.49,10
12394,BUY,RVU,142.85,5
12402,CANCEL,SRBQ,103.14,4
12412,SELL,JJI,150.79,1
12414,BUY,RVU,140.61,6
12415,SELL,QJJF,149.41,6
12423,BUY,RXC,109.4,1
12428,BUY,RXC,173.58,1
12430,SELL,EJZ,137.99,2
12437,BUY,EJZ,191.1,9
12447,CANCEL,QJJF,194.39,8
12453,SELL,SRBQ,131.02,3
12463,SELL,SSK,101.89,6
12468,BUY,PVAU,165.76,2
12470,SELL,EJZ,192.29,5
12477,SELL,JJI,170.57,6
12483,SELL,FMXQ,183.4,7
12487,CANCEL,RVU,144.04,2
12495,BUY,ZWWJ,195.54,5
12498,SELL,CHQX,151.52,9
12508,SELL,AHF,153.9,4
12514,SELL,FMXQ,145.45,8
12516,SELL,FMXQ,136.96,2
12523,BUY,PVAU,193.04,5
12528,SELL,VUK,141.91,10
12530,SELL,PSBF,163.08,9
12539,SELL,RXC,188.4,8
12546,BUY,RXC,162.76,6
12549,BUY,VUK,127.3,5
12554,BUY,ZWWJ,164.92,2
12560,BUY,FYW,186.97,1
12564,BUY,TLPJ,167.81,9
12569,BUY,FMXQ,150.46,8
12577,BUY,IEYI,148.14,8
12578,SELL,AHF,158.08,10
12585,CANCEL,CHQX,124.47,8
12589,BUY,RVU,139.3,3
12595,SELL,ACGP,145.57,10
12605,SELL,FMXQ,120.86,7
12608,BUY,EJZ,156.93,2
12618,BUY,JJI,174.08,6
12621,CANCEL,FMXQ,179.42,6
12622,SELL,RXC,181.6,1
12624,CANCEL,GGO,105.05,3
12631,SELL,FYW,175.92,6
12632,BUY,ZWWJ,170.92,2
12638,BUY,JJI,140.48,10
12646,BUY,PSBF,167.88,5
12648,BUY,QJJF,190.08,10
12655,BUY,FYW,152.93,1
12663,SELL,AHF,186.12,2
12664,SELL,RXC,164.71,8
12673,SELL,IEYI,145.72,6
12679,BUY,AHF,127.9,8
12686,CANCEL,AHF,164.51,2
12696,BUY,TLPJ,171.6,7
12706,SELL,PSBF,170.65,4
12712,BUY,ZWWJ,105.69,1
12714,BUY,RVU,156.64,8
12716,SELL,FYW,128.65,4
12719,CANCEL,SSK,125.32,9
12720,BUY,SRBQ,111.61,1
12721,BUY,RXC,102.25,2
12730,SELL,USNZ,178.95,4
12732,BUY,IEYI,108.72,3
12741,SELL,PSBF,192.91,2
12742,CANCEL,AHF,194.73,4
12745,BUY,ACGP,189.43,4
12751,SELL,CHQX,131.01,2
12758,SELL,AHF,143.47,2
12760,BUY,QJJF,130.79,4
12769,SELL,FMXQ,104.02,9
12779,BUY,USNZ,186.92,10
12786,SELL,EJZ,150.82,5
12787,SELL,IEYI,147.03,9
12788,SELL,USNZ,118.19,1
12793,SELL,ZWWJ,142.56,10
12794,SELL,IEYI,102.97,3
12795,SELL,IEYI,143.14,2
12796,CANCEL,GGO,110.11,6
12797,SELL,FMXQ,108.62,7
12807,BUY,VUK,197.95,9
12815,SELL,EJZ,103.16,5
12818,BUY,ZWWJ,147.96,7
12822,BUY,VUK,191.25,3
12829,BUY,RXC,108.32,8
12830,BUY,PSBF,123.92,1
12831,SELL,QJJF,157.69,10
12836,BUY,PSBF,186.72,2
12841,BUY,FYW,103.95,9
12849,SELL,USNZ,197.65,9
12853,SELL,VUK,179.25,9
12856,SELL,FYW,103.51,5
12860,CANCEL,CHQX,196.79,1
12866,CANCEL,JJI,149.87,4
12868,SELL,RVU,106.98,8
12874,BUY,FMXQ,131.72,2
12875,BUY,FYW,107.03,4
12878,SELL,IEYI,103.46,5
12886,BUY,GGO,187.7,3
12887,SELL,FMXQ,137.06,4
12889,BUY,ACGP,120.24,8
12890,BUY,PSBF,127.77,9
12892,BUY,VUK,198.74,5
12896,SELL,CHQX,143.98,10
12902,SELL,PSBF,101.98,2
12912,SELL,FYW,148.12,8
12918,BUY,VUK,185.62,4
12926,SELL,ACGP,195.44,10
12928,BUY,USNZ,152.64,4
12935,BUY,FYW,171.46,4
12938,BUY,RXC,167.32,10
12946,BUY,RXC,125.34,4
12952,BUY,VUK,105.39,9
12962,BUY,AHF,119.95,9
12964,SELL,IEYI,170.69,10
12969,BUY,TLPJ,115.37,8
12978,BUY,FMXQ,101.78,7
12982,BUY,JJI,191.52,3
12987,BUY,CHQX,160.75,4
12994,SELL,AHF,165.49,8
13000,SELL,QJJF,139.81,9
13008,BUY,TLPJ,120.3,8
13014,SELL,AHF,118.81,7
13020,BUY,IEYI,181.1,4
13021,CANCEL,EJZ,179.94,3
13025,BUY,TLPJ,136.47,8
13033,SELL,FYW,163.27,5
13036,BUY,GGO,162.9,4
13037,SELL,EJZ,179.81,2
13044,BUY,QJJF,146.11,1
13054,BUY,SSK,116.2,5
13059,CANCEL,IEYI,110.13,2
13067,SELL,CHQX,113.45,10
13072,SELL,RXC,180.35,4
13081,BUY,GGO,175.02,4
13090,BUY,EJZ,174.34,1
13096,SELL,QJJF,146.34,2
13106,BUY,IEYI,186.41,5
13111,SELL,SSK,115.26,4
13118,CANCEL,PVAU,127.38,10
13124,SELL,USNZ,178.18,7
13129,CANCEL,IEYI,147.59,5
13137,SELL,FMXQ,131.6,8
13141,SELL,RVU,139.28,6
13148,BUY,SSK,183.68,5
13156,SELL,AHF,167.67,7
13164,SELL,RXC,195.05,7
13167,SELL,RXC,123.9,2
13172,BUY,SSK,152.13,9
13179,SELL,JJI,147.83,7
13182,BUY,AHF,158.41,9
13190,BUY,USNZ,103.92,5
13200,BUY,EJZ,113.27,10
13202,CANCEL,PVAU,117.69,1
13212,BUY,VUK,185.61,4
13219,SELL,PSBF,128.59,5
13225,CANCEL,GGO,129.54,6
13227,SELL,SRBQ,107.23,9
13237,BUY,SSK,198.21,3
13245,SELL,SSK,199.37,10
13254,BUY,SRBQ,128.36,8
13264,SELL,SSK,128.49,9
13267,SELL,EJZ,116.47,7
13268,SELL,JJI,133.63,2
13271,CANCEL,RVU,146.47,2
13276,BUY,CHQX,146.36,5
13280,SELL,IEYI,137.2,10
13284,SELL,FYW,138.71,10
13292,SELL,PVAU,150.26,5
13298,BUY,AHF,156.92,4
13299,SELL,USNZ,161.35,1
13308,BUY,EJZ,142.22,5
13317,SELL,FMXQ,104.68,2
13320,CANCEL,TLPJ,117.88,2
13325,BUY,ACGP,161.5,10
13334,BUY,FYW,147.73,4
13336,BUY,AHF,108.83,6
13341,BUY,EJZ,169.73,7
13351,SELL,TLPJ,125.32,9
13361,BUY,GGO,199.97,2
13370,SELL,RVU,100.68,5
13380,CANCEL,JJI,144.27,5
13385,SELL,PSBF,142.17,7
13393,SELL,ZWWJ,113.07,7
13399,BUY,FMXQ,173.12,8
13402,SELL,RVU,127.79,3
13412,SELL,EJZ,116.59,3
13420,BUY,FMXQ,155.7,7
13425,SELL,IEYI,142.2,5
13432,BUY,CHQX,118.75,1
13439,SELL,GGO,167.9,2
13447,SELL,TLPJ,186.68,5
13452,CANCEL,RVU,161.58,5
13461,BUY,PSBF,137.14,4
13470,BUY,AHF,136.75,8
13476,SELL,ZWWJ,151.68,4
13479,BUY,PSBF,183.42,7
13482,SELL,SSK,124.46,7
13492,SELL,JJI,196.63,5
13494,BUY,GGO,163.85,10
13496,SELL,JJI,130.84,6
13501,SELL,AHF,155.21,6
13507,BUY,CHQX,108.39,5
13512,CANCEL,ZWWJ,146.29,9
13522,SELL,GGO,173.4,2
13529,BUY,FYW,188.1,7
13535,SELL,QJJF,198.75,7
13544,SELL,PSBF,190.08,7
13548,CANCEL,FYW,119.01,4
13552,BUY,RXC,110.07,2
13553,CANCEL,USNZ,111.41,1
13560,SELL,ACGP,142.03,5
13567,SELL,ZWWJ,157.81,9
13572,SELL,PSBF,180.92,9
13578,SELL,VUK,160.85,8
13587,BUY,EJZ,178.19,2
13589,SELL,RXC,110.3,9
13598,SELL,PSBF,182.39,5
13599,CANCEL,RXC,138.57,6
13607,BUY,SSK,193.52,10
13610,BUY,USNZ,198.13,7
13611,BUY,PVAU,128.83,8
13618,BUY,PVAU,114.92,8
13621,SELL,PSBF,196.46,4
13625,SELL,ACGP,111.44,1
13626,SELL,FYW,118.75,7
13627,BUY,EJZ,135.25,1
13636,CANCEL,SRBQ,103.13,2
13642,SELL,EJZ,151.31,6
13651,SELL,RXC,186.34,4
13659,BUY,RXC,151.88,2
13668,SELL,AHF,151.17,8
13671,BUY,TLPJ,117.87,6
13675,BUY,ACGP,129.98,6
13684,SELL,USNZ,190.19,8
13691,CANCEL,SSK,176.72,4
13692,SELL,JJI,147.95,9
13697,CANCEL,PSBF,199.85,2
13698,BUY,RVU,175.06,1
13702,BUY,FMXQ,155.37,9
13703,BUY,JJI,129.91,3
13709,SELL,RXC,149.68,2
13711,BUY,ACGP,122.44,1
13712,SELL,RXC,173.75,9
13714,BUY,USNZ,110.99,1
13723,SELL,PSBF,150.22,4
13733,BUY,PSBF,112.04,1
13736,SELL,PVAU,107.15,9
13737,CANCEL,EJZ,122.69,9
13741,BUY,FMXQ,174.8,8
13747,BUY,EJZ,135.41,10
13757,SELL,JJI,147.42,9
13760,BUY,VUK,187.38,7
13766,SELL,SRBQ,144.82,1
13767,BUY,PVAU,184.02,8
13769,SELL,USNZ,142.04,9
13779,BUY,RXC,121.39,5
13789,BUY,ZWWJ,162.44,6
13799,SELL,SRBQ,149.02,3
13800,SELL,QJJF,141.63,9
13810,SELL,FMXQ,105.07,4
13818,CANCEL,SRBQ,150.58,10
13819,SELL,USNZ,114.08,7
13828,BUY,QJJF,127.01,7
13834,BUY,VUK,105.67,5
13837,BUY,CHQX,162.13,6
13845,BUY,AHF,150.29,8
13847,SELL,JJI,173.82,9
13853,BUY,GGO,191.18,6
13859,BUY,CHQX,142.84,3
13860,BUY,FYW,158.93,6
13865,SELL,EJZ,167.99,3
13872,SELL,AHF,138.75,9
13877,SELL,PSBF,151.11,8
13883,SELL,PSBF,142.63,1
13885,SELL,GGO,167.36,3
13892,BUY,AHF,148.64,8
13894,SELL,JJI,183.16,10
13896,SELL,PVAU,160.47,2
13904,BUY,RXC,119.11,2
13910,CANCEL,SRBQ,175.11,3
13916,BUY,SRBQ,103.29,9
13925,SELL,TLPJ,151.14,10
13932,SELL,FMXQ,153.84,2
13939,BUY,AHF,154.36,5
13948,SELL,SRBQ,170.77,5
13955,SELL,SRBQ,112.4,6
13958,BUY,RVU,128.38,6
13964,SELL,AHF,158.01,8
13969,CANCEL,IEYI,197.32,4
13972,SELL,SRBQ,187.6,7
13980,SELL,PSBF,145.34,9
13984,BUY,PVAU,143.78,6
13994,SELL,QJJF,112.48,3
13998,BUY,VUK,138.94,8
14003,SELL,PSBF,157.45,10
14005,BUY,RVU,145.51,10
14006,BUY,CHQX,125.77,3
14008,SELL,TLPJ,193.5,10
14013,BUY,SSK,183.52,10
14021,SELL,SRBQ,181.55,6
14023,SELL,ZWWJ,110.62,10
14024,BUY,RVU,139.34,4
14033,SELL,VUK,139.69,1
14037,BUY,AHF,120.44,10
14045,SELL,SSK,104.1,8
14048,BUY,JJI,175.91,4
14058,BUY,PVAU,195.09,7
14061,SELL,PVAU,185.27,1
14067,BUY,ACGP,124.33,8
14077,BUY,FMXQ,195.77,5
14080,SELL,SSK,168.86,10
14090,SELL,EJZ,188.05,6
14097,SELL,PSBF,108.89,4
14103,BUY,PVAU,187.87,2
14112,CANCEL,ZWWJ,122.26,10
14118,SELL,JJI,171.03,10
14119,CANCEL,CHQX,177.09,10
14122,SELL,USNZ,172.91,10
14127,SELL,TLPJ,187.52,8
14136,CANCEL,CHQX,163.33,2
14137,SELL,JJI,191.49,2
14142,SELL,ACGP,127.67,5
14149,SELL,FMXQ,139.13,3
14159,SELL,FMXQ,101.08,7
14164,BUY,GGO,172.72,6
14166,SELL,SSK,188.85,5
14168,SELL,QJJF,131.31,5
14174,BUY,IEYI,197.26,6
14176,BUY,IEYI,125.81,3
14179,BUY,PVAU,198.17,9
14186,BUY,USNZ,138.54,2
14194,SELL,VUK,109.5,3
14197,SELL,GGO,107.14,3
14204,SELL,PVAU,165.16,9
14210,BUY,SSK,139.4,1
14219,SELL,JJI,149.91,5
14226,CANCEL,GGO,130.2,2
14230,CANCEL,VUK,114.78,10
14231,BUY,VUK,138.16,5
14235,SELL,FYW,128.66,10
14237,SELL,SRBQ,179.39,3
14246,BUY,JJI,158.84,6
14253,SELL,FYW,157.06,10
14259,SELL,CHQX,176.14,5
14263,BUY,IEYI,149.72,4
14270,SELL,GGO,121.51,6
14276,SELL,JJI,192.33,6
14281,SELL,EJZ,187.32,10
14287,SELL,AHF,144.66,6
14291,SELL,RVU,136.52,9
14295,BUY,RVU,150.61,9
14302,BUY,EJZ,139.0,9
14309,SELL,PSBF,162.46,1
14317,BUY,PVAU,138.24,1
14322,SELL,RVU,166.6,4
14323,CANCEL,GGO,123.84,8
14325,SELL,TLPJ,105.38,5
14331,BUY,FYW,153.06,9
14332,CANCEL,CHQX,100.86,6
14340,BUY,PVAU,117.02,7
14346,SELL,PSBF,189.28,5
14350,BUY,RVU,107.74,6
14353,BUY,USNZ,195.43,5
14355,SELL,ACGP,123.72,7
14364,CANCEL,PSBF,121.22,3
14374,BUY,RXC,106.27,1
14381,CANCEL,EJZ,146.19,8
14383,SELL,FMXQ,120.57,8
14389,BUY,PSBF,193.48,4
14395,SELL,SRBQ,140.56,3
14397,SELL,CHQX,169.11,9
14399,BUY,ZWWJ,169.59,2
14405,SELL,AHF,164.8,10
14414,SELL,FMXQ,129.1,9
14415,SELL,JJI,169.01,8
14422,SELL,ACGP,128.72,8
14429,BUY,EJZ,109.95,1
14434,SELL,ZWWJ,122.91,6
14438,BUY,CHQX,104.16,6
14440,BUY,FYW,114.21,3
14447,SELL,GGO,123.38,10
14450,BUY,CHQX,113.56,4
14451,BUY,RVU,175.03,4
14457,BUY,PSBF,147.12,4
14460,SELL,SSK,141.64,3
14464,SELL,RVU,189.19,10
14471,CANCEL,FMXQ,186.31,9
14476,CANCEL,PSBF,161.35,8
14477,CANCEL,CHQX,196.5,3
14486,SELL,SSK,123.69,1
14488,BUY,JJI,100.89,1
14490,BUY,RXC,161.86,1
14497,BUY,QJJF,123.41,9
14504,SELL,PSBF,162.82,4
14509,SELL,USNZ,132.38,1
14512,BUY,CHQX,118.98,7
14516,CANCEL,FYW,175.08,3
14526,BUY,AHF,116.57,3
14531,SELL,FMXQ,111.26,1
14539,BUY,PSBF,124.65,9
14546,SELL,SRBQ,196.93,8
14554,BUY,PVAU,184.1,5
14559,BUY,TLPJ,106.62,6
14562,SELL,SSK,123.3,2
14571,BUY,USNZ,105.19,5
14575,SELL,IEYI,133.12,9
14577,BUY,USNZ,107.67,4
14587,SELL,ACGP,161.99,5
14589,BUY,FMXQ,134.57,10
14591,BUY,PSBF,107.41,5
14601,BUY,PVAU,124.61,5
14603,SELL,RXC,106.2,1
14609,BUY,AHF,181.98,5
14617,CANCEL,RXC,181.26,9
14622,CANCEL,FMXQ,145.34,1
14632,BUY,QJJF,114.02,9
14635,SELL,IEYI,137.38,6
14638,SELL,QJJF,197.1,8
14647,SELL,GGO,146.13,6
14653,BUY,PSBF,158.12,3
14662,SELL,AHF,143.06,7
14671,BUY,VUK,117.71,10
14675,BUY,USNZ,168.1,7
14680,SELL,VUK,113.94,9
14688,SELL,AHF,155.07,5
14690,SELL,VUK,192.27,9
14699,BUY,AHF,171.91,4
14706,BUY,RXC,111.27,5
14714,BUY,USNZ,136.59,3
14715,SELL,ACGP,189.3,9
14724,BUY,USNZ,182.28,9
14729,CANCEL,FMXQ,191.96,2
14730,BUY,SSK,150.02,8
14733,SELL,PSBF,117.06,10
14735,SELL,PVAU,194.76,7
14737,SELL,CHQX,146.03,3
14739,SELL,FMXQ,187.72,10
14748,BUY,CHQX,153.26,6
14755,BUY,JJI,160.35,8
14764,BUY,SSK,133.77,9
14767,BUY,CHQX,159.26,7
14773,BUY,AHF,171.46,8
14774,BUY,ZWWJ,151.28,6
14777,BUY,FYW,119.45,2
14786,BUY,QJJF,156.17,9
14795,SELL,ACGP,128.1,8
14799,SELL,EJZ,144.2,8
14806,BUY,IEYI,120.35,2
14814,CANCEL,SSK,139.6,2
14822,BUY,TLPJ,161.71,7
14825,BUY,VUK,197.07,10
14835,BUY,GGO,193.75,6
14836,BUY,ACGP,128.32,10
14842,SELL,PVAU,180.41,4
14843,SELL,PVAU,127.15,5
14851,BUY,EJZ,161.43,3
14858,BUY,PVAU,189.96,6
14866,SELL,EJZ,143.51,1
14874,BUY,USNZ,181.83,8
14878,BUY,USNZ,199.34,1
14887,SELL,RVU,130.39,10
14893,SELL,IEYI,144.98,5
14903,SELL,TLPJ,100.92,10
14913,BUY,PSBF,108.29,2
14918,SELL,IEYI,195.27,9
14919,BUY,RVU,152.99,3
14927,SELL,SRBQ,124.61,5
14935,SELL,RVU,127.56,10
14938,CANCEL,VUK,102.77,4
14948,SELL,GGO,177.97,5
14955,SELL,RVU,191.53,6
14963,SELL,AHF,137.74,8
14967,SELL,SRBQ,183.97,3
14974,BUY,PSBF,122.43,6
14981,BUY,QJJF,162.67,2
14984,SELL,PSBF,186.19,2
14994,CANCEL,RXC,119.73,10
15003,CANCEL,RXC,173.89,8
15006,SELL,TLPJ,175.19,2
15016,BUY,ACGP,181.45,7
15020,SELL,RXC,162.74,1
15024,SELL,JJI,165.02,5
15028,SELL,PSBF,142.97,9
15037,CANCEL,ACGP,155.59,4
15041,BUY,PVAU,151.74,7
15050,SELL,GGO,151.41,2
15055,SELL,FMXQ,170.09,3
15060,BUY,PVAU,189.79,1
15061,SELL,PVAU,185.66,5
15064,SELL,SSK,157.23,5
15070,BUY,TLPJ,176.31,4
15078,SELL,RXC,138.08,6
15083,BUY,TLPJ,127.59,10
15086,BUY,SSK,161.79,9
15096,SELL,FMXQ,180.08,5
15100,BUY,IEYI,160.86,6
15109,BUY,QJJF,162.82,2
15114,CANCEL,RVU,178.09,1
15118,BUY,SSK,158.21,5
15125,BUY,USNZ,167.35,9
15133,CANCEL,FYW,165.86,7
15134,BUY,TLPJ,172.42,9
15143,CANCEL,ZWWJ,140.37,3
15147,SELL,RXC,199.92,2
15155,CANCEL,PSBF,168.67,6
15163,BUY,PSBF,122.04,6
15171,SELL,SRBQ,177.86,10
15173,SELL,FYW,185.43,7
15178,SELL,FYW,171.88,5
15183,SELL,PVAU,143.79,10
15184,SELL,IEYI,114.98,1
15186,SELL,RVU,145.59,3
15189,SELL,RXC,179.32,9
15196,BUY,ZWWJ,197.46,7
15199,SELL,PSBF,123.69,3
15204,BUY,RVU,174.63,4
15213,SELL,RVU,170.12,10
15215,SELL,RVU,144.65,8
15221,BUY,CHQX,145.54,6
15224,BUY,GGO,141.76,7
15225,BUY,ACGP,106.45,6
15235,BUY,EJZ,149.68,4
15240,BUY,FMXQ,147.85,6
15245,BUY,RXC,145.74,10
15251,SELL,JJI,172.66,2
15261,BUY,GGO,126.68,3
15271,CANCEL,PSBF,178.25,1
15279,BUY,ZWWJ,155.89,1
15289,BUY,VUK,194.72,4
15293,SELL,SSK,184.03,2
15301,BUY,IEYI,127.4,9
15304,SELL,SSK,125.46,3
15314,BUY,FMXQ,103.79,1
15320,BUY,GGO,103.83,1
15329,SELL,CHQX,196.0,5
15332,CANCEL,GGO,104.01,3
15335,BUY,ACGP,108.68,8
15345,BUY,FYW,168.11,9
15354,BUY,FMXQ,130.16,1
15359,SELL,SRBQ,162.01,2
15368,CANCEL,VUK,109.9,8
15372,SELL,ZWWJ,194.97,4
15380,SELL,FYW,170.38,9
15382,CANCEL,AHF,199.81,2
15388,SELL,JJI,117.62,8
15396,SELL,RXC,168.25,6
15401,SELL,AHF,189.75,10
15407,SELL,FMXQ,152.52,9
15414,BUY,CHQX,162.48,2
15424,SELL,RXC,192.68,5
15429,BUY,SSK,109.78,7
15436,BUY,SRBQ,109.03,8
15446,SELL,CHQX,170.0,1
15454,BUY,RXC,176.76,8
15460,SELL,ZWWJ,174.19,2
15470,SELL,IEYI,107.23,10
15479,BUY,RVU,113.29,4
15484,CANCEL,EJZ,159.17,7
15488,BUY,SSK,184.6,4
15496,BUY,CHQX,195.84,9
15502,SELL,IEYI,174.28,5
15507,BUY,IEYI,182.2,9
15510,SELL,FMXQ,158.59,5
15512,SELL,PSBF,154.4,9
15514,SELL,PSBF,162.33,8
15521,CANCEL,PVAU,164.36,9
15524,SELL,QJJF,148.81,10
15534,BUY,ZWWJ,156.58,2
15544,BUY,AHF,137.13,1
15545,BUY,SSK,108.0,10
15555,BUY,CHQX,115.91,6
15563,BUY,ACGP,123.51,9
15571,BUY,PSBF,106.99,10
15577,SELL,EJZ,157.35,4
15587,BUY,PSBF,117.6,1
15593,SELL,IEYI,106.28,5
15602,BUY,CHQX,164.71,7
15606,BUY,IEYI,195.51,7
15607,SELL,ACGP,154.76,10
15617,BUY,RVU,146.24,10
15622,SELL,GGO,153.04,2
15630,SELL,AHF,132.62,7
15635,SELL,ACGP,157.53,10
15638,BUY,VUK,182.37,4
15647,BUY,TLPJ,142.11,10
15656,SELL,CHQX,195.87,2
15657,SELL,VUK,150.84,8
15665,BUY,PSBF,132.22,10
15672,BUY,JJI,140.95,6
15675,BUY,ACGP,150.04,9
15685,CANCEL,JJI,180.69,1
15686,BUY,GGO,102.72,4
15694,BUY,CHQX,126.05,10
15703,BUY,PVAU,173.93,2
15709,CANCEL,CHQX,128.52,6
15715,BUY,FMXQ,175.61,10
15718,CANCEL,AHF,126.44,5
15725,SELL,RXC,122.8,2
15729,BUY,IEYI,127.85,6
15734,BUY,ZWWJ,129.06,4
15743,SELL,FMXQ,160.06,6
15748,SELL,JJI,110.83,1
15749,SELL,SRBQ,159.46,8
15751,BUY,GGO,171.65,7
15755,BUY,FMXQ,132.1,7
15763,BUY,GGO,189.64,5
15771,BUY,FMXQ,115.17,2
15775,BUY,SRBQ,178.09,5
15779,BUY,GGO,183.17,6
15784,BUY,RXC,192.79,3
15786,BUY,EJZ,101.87,4
15792,SELL,RXC,170.08,5
15801,BUY,GGO,152.1,5
15806,SELL,EJZ,179.46,4
15813,SELL,SRBQ,108.62,1
15814,SELL,EJZ,174.61,8
15816,BUY,IEYI,129.59,4
15823,BUY,RXC,152.9,6
15826,SELL,AHF,170.99,9
15832,BUY,QJJF,153.82,6
15837,BUY,EJZ,174.34,10
15846,SELL,SSK,100.1,1
15850,SELL,PSBF,128.07,6
15855,CANCEL,TLPJ,142.49,7
15857,SELL,ZWWJ,117.23,5
15861,SELL,EJZ,104.87,7
15866,SELL,QJJF,199.65,8
15875,BUY,JJI,172.3,4
15876,BUY,QJJF,134.45,8
15884,BUY,RXC,163.71,3
15887,SELL,IEYI,146.13,3
15890,BUY,VUK,117.89,4
15898,SELL,JJI,168.69,8
15906,BUY,PSBF,121.17,9
15908,BUY,IEYI,147.04,4
15909,BUY,GGO,190.82,7
15918,BUY,TLPJ,126.49,7
15921,CANCEL,USNZ,183.46,6
15925,BUY,RVU,175.91,8
15928,BUY,VUK,107.6,8
15932,CANCEL,FYW,157.15,8
15937,SELL,VUK,115.72,9
15938,SELL,GGO,164.8,8
15944,SELL,ACGP,106.14,1
15946,BUY,PVAU,141.22,9
15947,SELL,RXC,165.46,9
15953,BUY,ZWWJ,106.62,3
15956,BUY,ACGP,134.98,5
15962,SELL,RXC,189.36,9
15967,BUY,FMXQ,126.77,9
15968,SELL,VUK,157.16,4
15972,SELL,FYW,168.07,8
15981,SELL,GGO,100.75,10
15989,BUY,SRBQ,134.63,8
15991,BUY,FYW,122.02,6
15998,SELL,SRBQ,140.21,5
16001,SELL,RXC,106.94,4
16002,BUY,QJJF,168.33,8
16011,BUY,PVAU,143.64,3
16018,BUY,JJI,109.76,1
16027,SELL,ZWWJ,162.12,7
16037,CANCEL,ZWWJ,130.71,10
16041,BUY,RXC,191.43,9
16045,BUY,FMXQ,169.07,6
16054,SELL,SSK,172.19,6
16056,SELL,RXC,104.77,7
16065,BUY,FYW,159.59,5
16073,SELL,QJJF,113.96,4
16075,BUY,FMXQ,138.09,6
16084,BUY,CHQX,146.53,3
16089,BUY,ACGP,181.33,4
16096,BUY,IEYI,155.28,8
16102,BUY,ZWWJ,131.0,8
16106,SELL,SSK,182.8,3
16112,BUY,IEYI,107.33,5
16114,BUY,RXC,173.24,3
16120,SELL,AHF,119.12,10
16124,SELL,RXC,176.15,4
16126,BUY,USNZ,132.36,10
16135,BUY,FYW,182.18,6
16142,SELL,ZWWJ,178.3,5
16144,SELL,FYW,141.8,6
16150,BUY,RVU,179.44,7
16159,BUY,ZWWJ,171.1,10
16169,BUY,JJI,186.97,3
16176,SELL,RXC,190.16,9
16186,BUY,JJI,182.25,3
16192,SELL,AHF,198.03,4
16202,SELL,USNZ,100.52,1
16212,SELL,CHQX,185.48,5
16217,BUY,GGO,135.51,4
16221,SELL,FMXQ,149.16,9
16224,BUY,PSBF,146.81,5
16229,SELL,RXC,184.36,5
16234,SELL,RXC,152.14,10
16240,SELL,AHF,196.97,4
16243,BUY,QJJF,170.48,9
16250,SELL,IEYI,172.09,8
16257,BUY,FMXQ,117.85,3
16265,SELL,FYW,117.1,4
16269,BUY,PSBF,119.15,4
16279,SELL,EJZ,146.74,9
16282,SELL,QJJF,121.54,5
16292,BUY,RVU,177.15,10
16294,SELL,TLPJ,102.4,5
16298,BUY,RVU,157.9,5
16301,SELL,SSK,145.81,9
16310,BUY,RXC,129.79,8
16317,SELL,ZWWJ,183.48,2
16324,BUY,VUK,141.53,5
16328,BUY,ACGP,141.47,1
16332,SELL,QJJF,127.34,8
16340,BUY,PSBF,154.33,10
16349,SELL,AHF,119.47,5
16357,SELL,SSK,121.11,7
16361,BUY,QJJF,123.24,10
16370,SELL,CHQX,183.44,6
16378,SELL,ACGP,159.51,6
16385,SELL,QJJF,117.63,9
16392,BUY,FYW,162.18,4
16400,SELL,SSK,159.31,10
16405,BUY,RVU,116.18,5
16412,SELL,CHQX,128.36,7
16413,SELL,SRBQ,101.27,6
16423,SELL,TLPJ,101.11,3
16424,SELL,EJZ,139.61,8
16427,BUY,IEYI,196.73,2
16435,BUY,FMXQ,118.48,9
16437,BUY,SSK,123.91,1
16443,SELL,PVAU,152.11,9
16450,BUY,PSBF,138.52,7
16451,BUY,PSBF,174.96,5
16456,SELL,SSK,181.33,2
16466,SELL,QJJF,149.88,8
16475,BUY,FMXQ,150.44,10
16482,SELL,JJI,119.31,4
16483,BUY,JJI,115.45,6
16493,SELL,VUK,121.52,10
16494,SELL,IEYI,165.73,9
16495,SELL,CHQX,112.43,3
16496,BUY,PSBF,152.94,4
16500,CANCEL,PSBF,105.11,4
16504,BUY,ACGP,128.29,9
16511,BUY,ACGP,140.22,4
16518,BUY,QJJF,103.98,10
16528,BUY,JJI,169.57,10
16534,SELL,QJJF,124.59,8
16540,SELL,CHQX,158.74,1
16547,CANCEL,PVAU,147.01,9
16557,SELL,GGO,143.62,10
16561,BUY,PSBF,190.79,5
16571,SELL,EJZ,120.16,7
16580,BUY,CHQX,123.98,9
16581,SELL,VUK,131.06,2
16591,SELL,RVU,111.95,8
16595,CANCEL,QJJF,172.09,7
16599,SELL,ZWWJ,167.87,5
16608,BUY,PVAU,154.36,1
16615,SELL,GGO,196.72,8
16617,CANCEL,AHF,106.93,4
16625,SELL,FMXQ,163.71,5
16631,BUY,TLPJ,186.78,3
16633,BUY,FYW,144.64,4
16637,SELL,ZWWJ,108.23,5
16644,SELL,TLPJ,182.75,2
16646,SELL,CHQX,164.53,3
16655,BUY,PVAU,131.79,1
16656,SELL,PSBF,160.95,4
16661,SELL,RVU,149.88,9
16662,SELL,IEYI,121.86,5
16666,SELL,EJZ,113.64,5
16676,SELL,CHQX,173.34,6
16677,BUY,AHF,180.76,5
16685,SELL,FYW,156.86,3
16686,SELL,ACGP,168.99,9
16694,SELL,SRBQ,131.93,1
16699,BUY,QJJF,122.47,6
16701,SELL,IEYI,100.5,1
16710,SELL,PSBF,131.3,8
16719,CANCEL,EJZ,110.1,2
16729,SELL,RVU,177.9,9
16730,BUY,USNZ,183.75,2
16736,BUY,CHQX,148.03,5
16737,SELL,PSBF,134.57,8
16740,CANCEL,RVU,133.43,6
16749,SELL,VUK,187.14,3
16757,BUY,PSBF,159.48,5
16760,BUY,RXC,184.22,6
16769,BUY,GGO,198.3,5
16778,BUY,FMXQ,150.26,4
16788,SELL,QJJF,121.81,2
16794,BUY,FYW,140.12,9
16804,SELL,ZWWJ,172.3,6
16812,SELL,PSBF,166.9,1
16822,SELL,SRBQ,171.07,4
16825,BUY,GGO,167.3,8
16828,SELL,CHQX,111.72,9
16835,SELL,AHF,120.07,1
16836,BUY,SSK,122.88,8
16837,CANCEL,JJI,125.22,10
16847,BUY,ZWWJ,176.66,1
16851,SELL,PVAU,101.7,8
16857,SELL,ZWWJ,192.09,2
16863,SELL,TLPJ,149.98,7
16868,CANCEL,ZWWJ,169.92,6
16877,BUY,JJI,110.58,8
16879,SELL,EJZ,103.41,3
16887,BUY,RXC,190.18,1
16888,BUY,VUK,130.2,1
16895,BUY,RVU,150.74,5
16897,SELL,JJI,199.0,2
16903,BUY,FMXQ,114.85,9
16913,SELL,AHF,174.55,1
16923,SELL,TLPJ,168.27,3
16932,BUY,TLPJ,184.68,1
16940,SELL,SSK,103.44,2
16943,SELL,RXC,103.08,5
16953,BUY,RVU,198.95,5
16961,CANCEL,PSBF,112.51,1
16965,CANCEL,ZWWJ,164.69,7
16966,BUY,TLPJ,143.8,8
16968,SELL,USNZ,113.87,6
16973,BUY,IEYI,155.73,8
16983,SELL,VUK,101.07,5
16986,SELL,VUK,178.07,9
16988,BUY,SSK,196.87,7
16994,SELL,TLPJ,198.17,10
16996,CANCEL,EJZ,108.43,10
17005,SELL,EJZ,134.83,8
17015,BUY,GGO,170.62,6
17019,SELL,PSBF,104.84,9
17029,SELL,SSK,180.6,5
17039,CANCEL,TLPJ,108.44,2
17044,BUY,QJJF,176.45,9
17045,SELL,RXC,123.82,3
17051,CANCEL,GGO,187.25,3
17059,BUY,JJI,111.36,8
17066,SELL,QJJF,111.76,6
17075,SELL,SSK,102.11,7
17078,SELL,GGO,116.83,3
17088,BUY,SSK,174.38,3
17092,CANCEL,EJZ,163.05,8
17102,BUY,FMXQ,156.86,2
17110,BUY,USNZ,172.51,6
17119,SELL,QJJF,194.99,2
17125,CANCEL,TLPJ,131.1,2
17134,CANCEL,PSBF,167.67,9
17141,BUY,ACGP,168.28,7
17147,SELL,FYW,194.35,1
17153,SELL,CHQX,184.46,4
17154,SELL,ACGP,179.57,9
17156,SELL,PSBF,105.05,4
17160,BUY,USNZ,109.89,2
17170,BUY,PSBF,163.96,1
17178,BUY,TLPJ,127.6,10
17182,BUY,GGO,187.07,2
17187,BUY,RVU,166.13,6
17188,SELL,SSK,157.88,1
17195,CANCEL,FMXQ,186.88,2
17202,BUY,SRBQ,145.35,1
17208,SELL,GGO,116.55,2
17210,SELL,TLPJ,128.98,2
17216,SELL,JJI,159.36,3
17224,BUY,VUK,198.4,1
17231,BUY,EJZ,104.94,10
17232,BUY,FMXQ,163.13,10
17242,SELL,USNZ,129.16,7
17251,BUY,IEYI,190.38,3
17258,BUY,JJI,101.4,6
17260,SELL,SRBQ,166.7,7
17265,BUY,SSK,189.86,7
17269,SELL,RVU,112.16,3
17275,SELL,AHF,156.92,6
17279,BUY,SRBQ,145.73,9
17286,SELL,PVAU,150.99,7
17296,BUY,RVU,192.28,9
17303,CANCEL,FYW,128.08,6
17308,CANCEL,PVAU,116.85,10
17311,SELL,CHQX,150.4,7
17315,SELL,RVU,176.55,1
17321,SELL,FMXQ,126.94,5
17322,BUY,EJZ,189.9,1
17328,CANCEL,ZWWJ,110.91,8
17332,BUY,TLPJ,192.19,8
17336,SELL,SRBQ,110.47,8
17345,SELL,RXC,181.13,9
17354,BUY,TLPJ,137.63,8
17357,BUY,GGO,119.29,1
17363,SELL,TLPJ,194.56,5
17365,SELL,IEYI,159.03,10
17373,SELL,SRBQ,171.41,6
17377,SELL,FMXQ,126.41,4
17381,BUY,GGO,177.05,9
17390,SELL,RVU,103.88,5
17393,SELL,ZWWJ,174.59,4
17402,SELL,GGO,106.38,6
17408,BUY,IEYI,178.33,9
17410,BUY,PVAU,165.98,7
17416,BUY,ACGP,148.63,1
17419,CANCEL,PVAU,112.72,4
17426,SELL,VUK,193.53,2
17436,SELL,IEYI,124.12,8
17443,BUY,ZWWJ,104.28,3
17451,BUY,USNZ,120.21,7
17458,BUY,EJZ,190.04,1
17460,CANCEL,FMXQ,178.05,9
17463,SELL,VUK,172.17,7
17468,SELL,RXC,189.63,1
17477,SELL,FMXQ,177.33,10
17484,BUY,RXC,149.57,8
17494,BUY,SRBQ,183.6,2
17497,BUY,SSK,177.59,9
17506,BUY,JJI,101.13,1
17516,BUY,AHF,100.09,7
17525,CANCEL,EJZ,152.08,2
17527,SELL,PSBF,111.31,1
17530,SELL,CHQX,192.27,5
17532,CANCEL,SRBQ,102.6,2
17538,BUY,AHF,199.41,6
17540,BUY,TLPJ,138.48,3
17544,SELL,VUK,116.84,3
17549,BUY,TLPJ,140.91,7
17554,BUY,RVU,159.28,7
17560,CANCEL,IEYI,142.28,4
17566,CANCEL,PVAU,113.59,1
17575,SELL,PVAU,174.01,4
17585,BUY,USNZ,101.32,5
17593,SELL,CHQX,147.45,4
17601,BUY,PSBF,172.52,3
17604,BUY,IEYI,198.64,3
17605,BUY,TLPJ,154.66,9
17613,BUY,ACGP,174.79,8
17618,BUY,FYW,176.72,8
17628,SELL,PVAU,153.96,2
17636,SELL,GGO,103.64,1
17642,SELL,RXC,178.3,6
17647,CANCEL,ACGP,107.87,7
17653,SELL,FYW,193.02,4
17662,BUY,PSBF,178.23,4
17670,SELL,PVAU,129.29,1
17679,BUY,QJJF,160.47,5
17682,SELL,RVU,156.36,2
17687,CANCEL,JJI,161.55,9
17693,SELL,FYW,184.13,7
17698,SELL,TLPJ,114.36,9
17703,SELL,RXC,159.51,9
17706,CANCEL,PVAU,142.21,1
17712,BUY,CHQX,169.63,8
17720,CANCEL,TLPJ,115.86,4
17722,SELL,PSBF,105.12,1
17730,SELL,ACGP,195.3,4
17739,SELL,FYW,113.6,2
17748,SELL,TLPJ,168.89,1
17751,SELL,QJJF,163.39,9
17760,SELL,FMXQ,169.34,9
17764,BUY,ACGP,168.57,3
17767,BUY,PSBF,198.79,7
17776,BUY,USNZ,161.05,5
17779,SELL,RXC,184.82,8
17786,BUY,QJJF,130.25,8
17795,BUY,PSBF,196.44,10
17802,BUY,ZWWJ,157.89,7
17810,SELL,PVAU,108.65,7
17811,SELL,AHF,142.61,2
17818,SELL,JJI,105.75,10
17826,SELL,CHQX,144.12,2
17834,BUY,VUK,155.16,9
17837,BUY,SSK,167.19,9
17840,SELL,USNZ,159.08,9
17843,SELL,IEYI,175.57,9
17844,SELL,FMXQ,154.67,6
17854,SELL,PSBF,143.23,9
17859,BUY,ACGP,193.95,6
17869,BUY,PSBF,170.48,9
17877,SELL,ACGP,186.5,10
17879,SELL,FMXQ,198.52,6
17883,BUY,VUK,127.26,7
17889,CANCEL,ZWWJ,187.2,9
17896,BUY,EJZ,113.78,4
17904,BUY,TLPJ,176.53,5
17909,SELL,USNZ,188.92,10
17917,BUY,JJI,162.3,5
17919,BUY,GGO,139.72,8
17925,SELL,AHF,140.81,1
17931,BUY,CHQX,125.75,8
17934,CANCEL,GGO,146.71,4
17939,SELL,VUK,148.46,4
17949,SELL,AHF,169.85,8
17952,BUY,ZWWJ,101.17,2
17955,SELL,ACGP,171.86,3
17960,BUY,CHQX,102.65,9
17968,CANCEL,SRBQ,190.07,10
17970,CANCEL,PSBF,110.59,9
17975,BUY,RXC,163.68,5
17979,BUY,AHF,108.7,1
17984,BUY,RXC,145.98,9
17987,SELL,PSBF,166.12,10
17991,BUY,EJZ,176.23,8
17996,SELL,EJZ,196.92,8
18003,BUY,PVAU,135.84,1
18005,SELL,AHF,196.5,4
18011,BUY,PSBF,166.83,8
18015,SELL,RXC,160.91,10
18024,SELL,PVAU,110.32,8
18034,CANCEL,EJZ,110.03,10
18036,BUY,ZWWJ,111.82,9
18046,BUY,TLPJ,126.26,3
18048,SELL,RXC,113.93,4
18055,CANCEL,RXC,108.18,6
18064,SELL,FMXQ,123.4,3
18073,CANCEL,EJZ,181.75,3
18080,SELL,AHF,197.84,6
18088,SELL,ACGP,111.03,9
18097,SELL,RVU,197.53,6
18106,SELL,FYW,164.41,9
18109,BUY,QJJF,141.24,2
18118,SELL,JJI,164.81,1
18120,BUY,GGO,116.52,8
18126,SELL,PVAU,196.78,1
18134,SELL,JJI,179.55,1
18139,SELL,ZWWJ,160.24,8
18146,SELL,RVU,156.17,5
18156,SELL,CHQX,155.84,4
18157,SELL,ZWWJ,155.11,2
18160,SELL,PVAU,188.0,5
18169,BUY,CHQX,149.95,6
18174,SELL,ZWWJ,169.28,8
18179,BUY,PSBF,198.89,2
18188,SELL,USNZ,138.68,10
18197,BUY,RVU,103.13,6
18201,SELL,IEYI,117.84,6
18211,BUY,RXC,138.55,10
18219,BUY,JJI,197.53,2
18229,BUY,RXC,192.83,8
18235,BUY,SSK,168.76,6
18244,SELL,PSBF,156.97,9
18245,SELL,AHF,172.42,3
18253,CANCEL,ACGP,138.47,6
18256,BUY,TLPJ,171.15,2
18259,BUY,FMXQ,148.21,2
18262,BUY,ZWWJ,167.06,6
18272,BUY,GGO,101.83,9
18282,BUY,VUK,158.09,5
18284,SELL,ACGP,185.68,5
18285,BUY,SRBQ,104.63,4
18292,BUY,USNZ,120.86,2
18297,BUY,QJJF,103.97,10
18307,CANCEL,VUK,161.64,5
18312,BUY,VUK,155.52,3
18316,SELL,CHQX,148.05,9
18322,SELL,PSBF,199.36,8
18330,SELL,RXC,154.46,1
18335,SELL,IEYI,120.87,5
18338,SELL,RVU,102.05,3
18346,CANCEL,ZWWJ,130.4,7
18350,BUY,TLPJ,153.6,7
18360,SELL,FMXQ,195.79,9
18363,BUY,CHQX,199.47,9
18371,SELL,FMXQ,189.66,3
18381,SELL,ACGP,156.24,1
18384,CANCEL,IEYI,159.5,8
18385,CANCEL,FYW,156.1,10
18390,SELL,PVAU,167.09,5
18398,SELL,SSK,136.46,1
18402,BUY,RXC,133.12,9
18412,SELL,RXC,184.06,1
18421,SELL,GGO,154.84,7
18423,SELL,IEYI,138.17,10
18425,BUY,VUK,179.69,8
18430,SELL,GGO,159.37,1
18434,BUY,RVU,116.08,1
18435,BUY,USNZ,130.42,3
18438,SELL,CHQX,163.4,3
18439,SELL,ZWWJ,180.86,5
18442,BUY,QJJF,125.25,2
18445,SELL,CHQX,171.01,6
18455,SELL,EJZ,125.33,4
18461,SELL,IEYI,148.05,8
18462,BUY,EJZ,196.75,5
18463,BUY,PSBF,148.54,2
18466,BUY,ACGP,146.83,5
18469,CANCEL,ACGP,197.92,1
18476,SELL,AHF,119.42,2
18482,BUY,USNZ,179.64,4
18486,BUY,IEYI,126.56,5
18495,SELL,USNZ,139.22,4
18500,SELL,EJZ,171.78,5
18508,BUY,FMXQ,190.26,9
18516,BUY,JJI,104.14,5
18526,BUY,RXC,191.32,1
18535,SELL,PVAU,104.13,10
18539,BUY,ACGP,168.33,8
18544,SELL,USNZ,179.27,4
18546,BUY,GGO,150.26,1
18555,SELL,IEYI,126.59,4
18559,BUY,VUK,139.61,5
18566,BUY,FYW,129.59,9
18576,SELL,VUK,135.69,5
18579,SELL,EJZ,173.66,9
18584,SELL,FMXQ,160.06,10
18592,BUY,SRBQ,170.95,3
18594,BUY,PSBF,198.19,9
18597,BUY,SRBQ,163.51,7
18604,SELL,GGO,121.13,1
18613,SELL,PVAU,116.14,9
18617,BUY,AHF,171.91,1
18618,SELL,PSBF,126.58,10
18622,BUY,TLPJ,117.89,10
18624,CANCEL,TLPJ,148.62,10
18634,BUY,EJZ,154.66,3
18637,SELL,RVU,198.66,2
18640,SELL,RVU,146.04,3
18646,SELL,SSK,137.59,2
18650,BUY,SRBQ,139.92,6
18657,CANCEL,AHF,181.53,6
18667,BUY,SSK,171.28,9
18669,SELL,EJZ,198.57,5
18679,SELL,JJI,139.93,10
18689,BUY,PVAU,197.16,10
18695,BUY,SRBQ,130.36,9
18700,BUY,FYW,125.66,5
18702,SELL,USNZ,168.88,4
18712,BUY,PVAU,177.44,2
18720,CANCEL,SSK,199.62,6
18730,SELL,EJZ,129.97,9
18731,SELL,IEYI,193.8,4
18739,SELL,EJZ,171.8,6
18745,SELL,IEYI,189.6,7
18748,SELL,GGO,122.06,1
18750,BUY,TLPJ,130.12,2
18758,BUY,CHQX,198.42,4
18763,BUY,GGO,151.9,7
18767,SELL,GGO,165.91,6
18772,SELL,CHQX,198.84,9
18778,BUY,SSK,152.13,4
18779,BUY,VUK,165.84,10
18786,BUY,SRBQ,144.3,5
18789,BUY,RVU,115.9,9
18798,BUY,ACGP,145.99,4
18804,SELL,AHF,106.22,5
18810,SELL,EJZ,125.97,5
18818,SELL,PSBF,165.37,5
18823,BUY,RXC,117.02,7
18826,SELL,FYW,160.05,1
18830,SELL,SRBQ,143.03,9
18831,BUY,CHQX,139.49,6
18832,BUY,SSK,147.79,6
18840,SELL,SRBQ,191.33,1
18841,BUY,ACGP,193.18,2
18850,SELL,SRBQ,146.61,7
18859,SELL,RXC,138.57,1
18868,SELL,USNZ,131.28,5
18877,SELL,GGO,164.02,7
18883,SELL,TLPJ,163.29,6
18887,SELL,EJZ,119.78,1
18893,BUY,PVAU,166.19,7
18901,CANCEL,FYW,155.63,5
18904,BUY,RXC,130.78,9
18914,SELL,PVAU,174.54,2
18922,BUY,EJZ,161.03,6
18925,BUY,RXC,125.95,6
18933,SELL,USNZ,106.11,7
18936,BUY,TLPJ,183.05,9
18943,SELL,SRBQ,169.25,5
18953,SELL,GGO,178.15,9
18955,BUY,PVAU,101.68,5
18961,SELL,CHQX,158.97,1
18968,SELL,GGO,195.1,5
18974,SELL,SSK,104.43,3
18984,SELL,ZWWJ,104.42,10
18993,BUY,FMXQ,138.26,4
18998,BUY,QJJF,171.53,5
19008,SELL,RVU,101.76,7
19010,SELL,AHF,115.19,1
19020,CANCEL,GGO,164.38,4
19023,SELL,TLPJ,194.79,6
19028,CANCEL,JJI,118.39,6
19038,BUY,AHF,107.45,6
19047,BUY,JJI,199.18,1
19050,SELL,SSK,160.94,3
19060,SELL,RVU,141.53,2
19065,BUY,RVU,107.45,3
19072,CANCEL,QJJF,183.98,5
19075,BUY,RXC,155.56,3
19076,SELL,RXC,133.7,2
19083,SELL,SSK,103.49,1
19089,SELL,PSBF,100.41,3
19092,BUY,VUK,143.81,3
19102,BUY,EJZ,109.94,1
19103,BUY,AHF,192.65,10
19105,BUY,JJI,179.73,8
19108,SELL,EJZ,131.97,5
19114,BUY,FYW,119.66,6
19124,CANCEL,FYW,103.88,5
19126,SELL,GGO,141.4,1
19127,SELL,FMXQ,162.46,4
19137,CANCEL,SSK,119.94,5
19141,BUY,FYW,198.72,5
19142,BUY,PVAU,162.9,2
19144,SELL,AHF,183.6,7
19150,SELL,PSBF,179.19,8
19153,BUY,CHQX,163.74,2
19160,BUY,SRBQ,135.7,1
19170,BUY,PVAU,188.49,9
19177,SELL,RVU,158.49,2
19185,BUY,EJZ,151.16,6
19189,CANCEL,SRBQ,199.94,9
19199,BUY,GGO,157.92,7
19203,SELL,FMXQ,116.42,3
19204,BUY,FMXQ,102.02,3
19206,SELL,JJI,188.35,4
19213,BUY,VUK,185.6,1
19215,BUY,RVU,168.83,2
19225,SELL,JJI,166.22,7
19233,SELL,PVAU,143.57,4
19236,SELL,PSBF,184.6,7
19243,SELL,ACGP,180.91,10
19245,BUY,FMXQ,143.05,7
19250,BUY,PSBF,199.77,2
19257,SELL,AHF,137.2,6
19266,BUY,IEYI,153.82,7
19272,SELL,FMXQ,115.03,9
19281,BUY,JJI,176.42,1
19285,CANCEL,PVAU,133.5,1
19292,BUY,TLPJ,105.36,10
19300,BUY,TLPJ,117.95,5
19305,BUY,RXC,106.58,2
19309,SELL,QJJF,187.14,3
19316,SELL,JJI,188.92,3
19318,SELL,ACGP,149.97,2
19326,BUY,RVU,159.74,2
19329,SELL,RXC,167.91,3
19338,SELL,PVAU,178.08,10
19341,CANCEL,RXC,141.17,9
19349,SELL,IEYI,100.06,5
19353,BUY,EJZ,113.58,10
19361,CANCEL,IEYI,159.77,7
19370,BUY,RVU,108.48,6
19376,SELL,RXC,161.19,10
19377,BUY,SRBQ,124.25,10
19382,SELL,TLPJ,139.05,8
19386,SELL,SRBQ,158.38,5
19396,SELL,IEYI,166.08,10
19398,SELL,USNZ,133.97,8
19399,BUY,VUK,148.74,6
19403,BUY,USNZ,177.05,6
19410,SELL,IEYI,198.01,8
19414,SELL,JJI,183.53,4
19419,BUY,TLPJ,189.1,7
19420,BUY,SSK,187.24,5
19422,SELL,FMXQ,179.16,3
19427,SELL,RVU,129.28,10
19434,SELL,JJI,100.1,6
19435,BUY,CHQX,123.72,3
19441,BUY,FMXQ,181.06,9
19450,SELL,JJI,123.47,7
19459,BUY,JJI,162.31,7
19464,SELL,QJJF,118.15,10
19467,SELL,PSBF,133.52,5
19475,SELL,FYW,140.76,5
19484,BUY,TLPJ,133.37,3
19491,BUY,VUK,140.58,7
19497,SELL,GGO,126.17,9
19507,BUY,SSK,137.51,8
19509,BUY,FMXQ,119.56,10
19514,SELL,VUK,178.11,10
19518,BUY,QJJF,155.68,10
19523,SELL,ZWWJ,130.44,1
19524,BUY,VUK,197.21,3
19527,BUY,GGO,148.22,4
19537,SELL,FMXQ,100.83,4
19546,CANCEL,EJZ,198.29,9
19556,BUY,VUK,119.06,6
19558,BUY,RXC,184.83,2
19565,BUY,EJZ,100.18,8
19572,SELL,JJI,189.97,3
19582,BUY,PVAU,157.35,3
19585,SELL,FMXQ,182.64,1
19588,SELL,RXC,124.84,4
19597,SELL,JJI,193.69,4
19602,SELL,CHQX,137.06,2
19612,SELL,IEYI,101.49,6
19620,SELL,GGO,157.0,8
19622,SELL,TLPJ,117.2,5
19625,SELL,ZWWJ,124.95,1
19633,BUY,GGO,162.69,1
19636,BUY,EJZ,138.43,6
19637,BUY,USNZ,146.08,7
19643,SELL,IEYI,105.2,1
19647,SELL,PSBF,131.14,5
19650,BUY,RXC,103.7,5
19659,CANCEL,FYW,162.69,7
19662,BUY,AHF,163.95,6
19663,CANCEL,SRBQ,180.04,5
19671,SELL,ACGP,183.21,6
19679,SELL,TLPJ,149.74,2
19686,SELL,SSK,170.49,8
19692,SELL,RVU,137.74,6
19697,SELL,VUK,122.37,1
19707,BUY,CHQX,128.99,9
19717,SELL,USNZ,189.39,4
19722,BUY,GGO,190.81,2
19723,SELL,FYW,183.02,8
19728,BUY,ACGP,194.18,3
19738,BUY,CHQX,165.52,6
19739,CANCEL,PSBF,191.48,6
19749,SELL,JJI,171.17,8
19753,SELL,ZWWJ,151.03,8
19763,BUY,VUK,112.96,5
19771,BUY,ACGP,121.24,5
19781,SELL,FMXQ,150.24,4
19786,SELL,ACGP,131.99,2
19791,BUY,TLPJ,197.61,4
19801,SELL,JJI,171.62,6
19807,SELL,GGO,168.23,2
19809,BUY,SRBQ,123.79,5
19810,BUY,SSK,111.09,10
19812,BUY,GGO,127.82,9
19818,SELL,IEYI,108.43,1
19827,SELL,TLPJ,117.53,10
19837,SELL,ZWWJ,115.82,8
19847,BUY,USNZ,154.94,6
19849,BUY,PVAU,121.1,4
19859,SELL,USNZ,185.28,9
19865,BUY,FYW,165.51,4
19875,SELL,RXC,162.09,7
19882,CANCEL,PSBF,159.0,4
19891,SELL,ZWWJ,155.83,5
19893,BUY,TLPJ,152.36,2
19900,BUY,EJZ,153.71,7
19909,SELL,QJJF,149.9,9
19914,BUY,VUK,116.58,2
19923,BUY,QJJF,154.6,4
19924,BUY,PVAU,126.85,4
19930,BUY,QJJF,153.48,3
19938,SELL,ZWWJ,140.59,6
19948,BUY,PSBF,120.33,3
19950,SELL,PSBF,193.41,7
19955,BUY,PVAU,144.75,1
19962,SELL,RVU,190.19,6
19968,SELL,SRBQ,186.67,2
19971,BUY,TLPJ,163.59,3
19978,BUY,FMXQ,190.24,7
19985,SELL,CHQX,167.67,4
19986,BUY,FYW,109.44,9
19992,SELL,FMXQ,128.86,9
20002,CANCEL,FYW,173.52,5
20008,SELL,PVAU,149.11,1
20013,SELL,ZWWJ,138.5,3
20016,SELL,FYW,147.54,8
20017,SELL,AHF,130.79,1
20022,SELL,EJZ,102.31,1
20031,SELL,FYW,146.83,3
20040,SELL,JJI,148.29,5
20041,BUY,TLPJ,155.25,2
20047,BUY,PSBF,119.62,9
20052,SELL,USNZ,162.41,5
20058,CANCEL,RXC,112.57,7
20059,SELL,USNZ,167.39,9
20065,CANCEL,QJJF,137.05,2
20069,BUY,JJI,189.93,2
20079,SELL,USNZ,102.14,1
20081,SELL,SSK,156.09,3
20086,BUY,CHQX,134.39,1
20091,SELL,SSK,107.5,3
20096,SELL,PVAU,140.41,8
20100,CANCEL,QJJF,168.67,6
20110,BUY,RXC,106.44,5
20115,BUY,CHQX,144.7,5
20123,BUY,VUK,103.63,9
20127,BUY,VUK,154.49,6
20128,SELL,USNZ,177.6,7
20131,BUY,AHF,160.41,10
20136,CANCEL,SSK,116.22,2
20145,SELL,FYW,131.85,9
20151,BUY,FMXQ,124.6,7
20160,SELL,SRBQ,105.41,1
20162,SELL,FMXQ,179.47,7
20163,BUY,JJI,185.44,7
20172,BUY,GGO,189.13,4
20175,BUY,CHQX,160.28,8
20180,SELL,JJI,171.33,10
20190,SELL,RVU,108.42,6
20197,BUY,FMXQ,197.15,10
20202,BUY,PVAU,120.0,6
20205,SELL,EJZ,107.29,10
20206,SELL,QJJF,137.5,1
20213,BUY,EJZ,182.05,7
20219,BUY,TLPJ,143.16,5
20221,SELL,USNZ,169.16,2
20222,SELL,VUK,117.35,10
20227,BUY,FMXQ,133.55,8
20237,SELL,PSBF,100.68,1
20244,BUY,JJI,180.87,1
20253,SELL,FMXQ,133.53,1
20258,BUY,USNZ,128.99,3
20263,CANCEL,RXC,147.7,8
20265,CANCEL,TLPJ,153.02,10
20267,SELL,USNZ,179.25,4
20273,BUY,SSK,187.07,9
20275,CANCEL,AHF,155.45,8
20276,SELL,PSBF,141.47,1
20277,BUY,SRBQ,135.19,2
20278,SELL,USNZ,144.48,8
20283,SELL,EJZ,120.5,9
20284,SELL,TLPJ,197.02,9
20292,BUY,ZWWJ,120.14,3
20299,SELL,AHF,193.11,2
20309,SELL,RXC,137.25,9
20313,BUY,QJJF,134.31,10
20314,SELL,VUK,176.65,6
20321,SELL,JJI,105.54,7
20324,CANCEL,SRBQ,193.13,7
20328,CANCEL,TLPJ,127.99,1
20335,SELL,VUK,139.82,10
20345,SELL,RXC,124.49,4
20346,SELL,JJI,142.16,3
20354,BUY,ZWWJ,158.85,10
20359,CANCEL,PSBF,178.58,4
20363,BUY,ZWWJ,100.93,2
20366,BUY,FMXQ,131.35,5
20369,CANCEL,FMXQ,120.35,1
20377,SELL,AHF,144.52,9
20380,SELL,SSK,181.52,4
20388,BUY,SSK,111.2,10
20395,SELL,VUK,180.13,1
20396,SELL,TLPJ,122.72,8
20398,SELL,SSK,142.81,2
20401,BUY,VUK,186.32,10
20411,BUY,RVU,163.22,10
20418,CANCEL,IEYI,169.52,6
20427,CANCEL,JJI,175.37,4
20428,CANCEL,IEYI,104.72,5
20429,BUY,SSK,138.19,9
20430,BUY,IEYI,120.92,8
20435,BUY,PSBF,141.34,1
20443,BUY,FYW,121.47,8
20452,BUY,USNZ,127.02,9
20462,SELL,CHQX,110.03,3
20471,BUY,QJJF,191.6,5
20476,SELL,SRBQ,183.29,9
20483,SELL,CHQX,140.81,8
20492,BUY,FYW,185.97,4
20502,BUY,FYW,191.95,9
20504,BUY,RXC,164.54,10
20506,BUY,CHQX,107.9,5
20513,CANCEL,RVU,183.02,5
20516,BUY,IEYI,106.61,9
20517,SELL,USNZ,149.63,8
20519,CANCEL,SSK,171.16,2
20521,SELL,AHF,122.89,10
20522,BUY,FMXQ,165.62,7
20532,SELL,AHF,101.69,6
20536,BUY,RVU,115.33,8
20540,BUY,VUK,154.87,5
20544,BUY,RVU,194.63,8
20551,BUY,ACGP,108.7,4
20555,CANCEL,ACGP,100.39,9
20565,SELL,RXC,111.7,9
20571,BUY,RVU,157.1,6
20579,SELL,PSBF,135.39,4
20589,BUY,FYW,100.72,9
20592,SELL,JJI,151.02,8
20601,BUY,TLPJ,165.5,1
20606,CANCEL,ZWWJ,180.61,3
20607,CANCEL,RVU,152.91,1
20615,SELL,PVAU,171.77,8
20616,BUY,FMXQ,172.81,8
20625,SELL,GGO,171.82,7
20627,SELL,ACGP,146.62,6
20635,CANCEL,FYW,167.25,10
20644,SELL,AHF,191.27,10
20652,SELL,RXC,176.64,4
20657,SELL,SSK,148.16,5
20661,BUY,VUK,182.04,8
20669,SELL,FMXQ,139.21,8
20671,SELL,EJZ,144.32,8
20677,BUY,GGO,151.39,8
20685,SELL,FMXQ,132.79,6
20686,BUY,FMXQ,144.02,5
20693,BUY,PVAU,138.76,2
20703,BUY,GGO,198.79,9
20706,CANCEL,AHF,196.72,10
20709,BUY,RVU,169.51,2
20711,BUY,RXC,162.62,4
20718,BUY,USNZ,131.12,8
20726,BUY,CHQX,135.04,10
20731,BUY,RXC,163.23,9
20734,BUY,AHF,158.73,5
20738,BUY,EJZ,126.14,8
20742,BUY,SSK,122.71,4
20752,BUY,IEYI,171.77,3
20757,SELL,ACGP,109.31,6
20762,SELL,ZWWJ,122.37,4
20763,BUY,AHF,168.11,7
20772,BUY,AHF,141.45,3
20781,SELL,IEYI,169.75,7
20785,CANCEL,FMXQ,186.46,5
20794,SELL,EJZ,114.16,5
20796,SELL,CHQX,101.9,1
20805,BUY,PSBF,185.63,3
20812,SELL,FYW,128.4,3
20817,SELL,ACGP,146.68,6
20821,SELL,AHF,133.41,5
20825,SELL,FMXQ,160.9,3
20833,BUY,FYW,141.57,4
20834,SELL,SSK,138.29,3
20839,BUY,RVU,181.37,3
20840,BUY,GGO,181.28,8
20842,SELL,ZWWJ,160.57,6
20845,BUY,QJJF,105.14,2
20850,CANCEL,SRBQ,154.76,1
20855,SELL,IEYI,148.23,6
20857,BUY,AHF,142.82,5
20862,BUY,FYW,192.15,1
20865,BUY,AHF,123.01,3
20875,SELL,USNZ,140.84,2
20878,SELL,AHF,186.09,4
20887,SELL,EJZ,180.68,6
20897,SELL,JJI,104.3,8
20903,SELL,RVU,133.3,6
20908,SELL,ACGP,155.06,6
20911,BUY,GGO,129.65,7
20918,SELL,EJZ,171.58,9
20920,SELL,PSBF,125.58,6
20929,SELL,JJI,177.85,8
20935,CANCEL,CHQX,184.38,4
20942,BUY,EJZ,197.43,2
20943,SELL,FMXQ,153.59,3
20951,SELL,FMXQ,137.7,2
20954,CANCEL,PSBF,178.61,4
20958,SELL,QJJF,160.18,8
20962,CANCEL,CHQX,120.02,5
20971,BUY,RVU,166.35,2
20974,BUY,CHQX,150.01,9
20984,SELL,USNZ,172.24,7
20985,BUY,VUK,116.36,10
20988,BUY,VUK,174.24,3
20997,SELL,ZWWJ,169.6,6
21000,SELL,AHF,106.08,5
21003,SELL,FYW,145.97,5
21007,SELL,USNZ,127.17,3
21009,SELL,SRBQ,121.62,5
21017,BUY,AHF,101.3,10
21020,BUY,SSK,102.05,10
21030,SELL,FYW,163.04,4
21037,BUY,SSK,182.08,9
21043,SELL,AHF,112.28,2
21046,SELL,JJI,158.89,10
21053,SELL,RVU,144.93,9
21062,BUY,RXC,169.41,3
21064,BUY,FYW,196.99,10
21065,BUY,ACGP,157.0,4
21068,SELL,EJZ,149.57,9
21076,SELL,CHQX,110.16,9
21079,BUY,IEYI,132.59,8
21089,BUY,RXC,103.96,5
21096,BUY,FMXQ,113.76,6
21106,BUY,PSBF,177.41,10
21114,CANCEL,ACGP,102.27,8
21118,BUY,RVU,117.61,6
21125,BUY,RVU,149.28,4
21128,SELL,ZWWJ,138.5,4
21132,SELL,QJJF,101.93,4
21140,SELL,GGO,119.39,8
21142,BUY,JJI,183.74,10
21144,BUY,RVU,170.63,7
21151,BUY,QJJF,101.35,4
21160,SELL,CHQX,194.19,9
21162,SELL,ZWWJ,193.14,6
21165,BUY,SRBQ,175.66,6
21175,BUY,FYW,154.43,5
21177,SELL,PSBF,198.71,5
21186,BUY,PVAU,128.13,2
21191,BUY,AHF,111.69,3
21198,SELL,SSK,162.85,4
21206,BUY,RXC,137.51,4
21209,BUY,FMXQ,196.42,6
21213,SELL,AHF,128.74,10
21220,BUY,RXC,139.14,7
21223,SELL,IEYI,140.25,5
21233,BUY,IEYI,124.65,3
21234,CANCEL,FMXQ,194.66,10
21241,SELL,AHF,106.74,6
21245,BUY,RXC,182.69,9
21254,CANCEL,ACGP,195.83,10
21259,BUY,JJI,157.81,5
21263,SELL,FMXQ,141.8,4
21272,SELL,RXC,180.61,3
21282,SELL,VUK,142.06,1
21291,SELL,JJI,180.02,5
21300,SELL,SSK,121.49,2
21304,BUY,AHF,139.64,4
21310,BUY,SRBQ,156.95,8
21314,SELL,VUK,159.08,9
21319,CANCEL,PSBF,108.95,7
21328,SELL,TLPJ,140.47,9
21335,SELL,IEYI,129.67,5
21338,BUY,CHQX,184.13,5
21342,SELL,RXC,172.19,8
21343,SELL,EJZ,195.69,5
21348,BUY,ZWWJ,157.36,4
21353,SELL,EJZ,101.01,9
21360,BUY,EJZ,172.7,7
21369,SELL,SRBQ,199.28,8
21374,SELL,SSK,158.13,2
21382,SELL,GGO,134.67,10
21385,BUY,SRBQ,198.95,2
21395,BUY,FMXQ,135.21,3
21402,BUY,SSK,108.0,6
21411,BUY,CHQX,129.92,1
21417,SELL,CHQX,192.9,3
21423,SELL,FYW,126.67,2
21430,SELL,SSK,181.67,10
21432,BUY,PSBF,163.95,7
21437,BUY,EJZ,151.32,3
21442,CANCEL,FMXQ,103.71,3
21450,SELL,IEYI,120.99,3
21460,SELL,USNZ,103.0,6
21470,BUY,USNZ,191.96,3
21471,BUY,VUK,174.01,1
21480,BUY,SRBQ,144.55,10
21485,BUY,EJZ,136.7,3
21492,BUY,FYW,151.64,4
21502,BUY,VUK,128.38,10
21506,BUY,TLPJ,114.41,3
21513,SELL,USNZ,147.28,2
21516,SELL,JJI,184.75,9
21521,CANCEL,RVU,101.88,2
21525,SELL,TLPJ,141.57,4
21528,SELL,TLPJ,131.22,1
21536,SELL,FMXQ,159.08,9
21544,BUY,CHQX,163.35,8
21546,SELL,FMXQ,198.5,9
21556,SELL,AHF,115.5,8
21565,SELL,AHF,151.16,4
21571,SELL,JJI,173.47,9
21579,BUY,SSK,107.66,7
21589,BUY,CHQX,177.86,9
21594,SELL,RXC,164.32,2
21603,SELL,RVU,111.79,1
21608,BUY,SRBQ,195.16,4
21609,BUY,FMXQ,120.31,7
21612,SELL,TLPJ,158.75,2
21613,SELL,QJJF,131.53,10
21615,BUY,PSBF,153.29,4
21619,SELL,EJZ,108.33,6
21625,BUY,RVU,162.93,3
21632,BUY,PSBF,196.24,1
21636,SELL,TLPJ,100.85,10
21645,CANCEL,VUK,108.31,2
21649,BUY,SRBQ,195.78,9
21655,BUY,PVAU,140.03,10
21657,BUY,VUK,115.37,1
21665,SELL,GGO,166.18,3
21670,CANCEL,SRBQ,117.58,4
21676,SELL,PVAU,148.64,5
21678,SELL,QJJF,156.18,4
21681,CANCEL,GGO,148.43,5
21682,SELL,EJZ,181.44,10
21692,SELL,RXC,155.59,9
21695,BUY,RVU,191.27,3
21703,SELL,ZWWJ,153.68,3
21713,BUY,CHQX,173.03,3
21723,SELL,QJJF,120.09,2
21725,BUY,SRBQ,181.52,1
21732,SELL,CHQX,144.59,2
21736,SELL,ACGP,196.88,5
21739,SELL,TLPJ,152.24,10
21745,BUY,JJI,135.89,8
21746,BUY,QJJF,108.79,6
21753,BUY,GGO,107.82,6
21760,SELL,EJZ,115.23,1
21763,SELL,IEYI,185.84,9
21771,BUY,SRBQ,190.71,9
21776,BUY,RVU,189.72,8
21780,SELL,TLPJ,184.86,5
21781,CANCEL,FMXQ,166.79,1
21786,BUY,TLPJ,158.32,10
21788,SELL,FYW,162.58,4
21797,CANCEL,PSBF,192.99,6
21799,CANCEL,PSBF,193.41,9
21809,SELL,TLPJ,108.3,7
21810,CANCEL,FYW,108.94,1
21813,BUY,PSBF,145.92,2
21815,BUY,PSBF,185.79,4
21825,CANCEL,ACGP,129.98,10
21835,BUY,PVAU,153.43,3
21844,SELL,QJJF,124.37,7
21846,SELL,PVAU,199.63,1
21852,BUY,RVU,187.02,3
21855,BUY,VUK,111.12,6
21864,BUY,RXC,164.31,9
21873,BUY,AHF,139.85,3
21878,BUY,TLPJ,130.18,8
21881,BUY,PSBF,132.27,4
21889,SELL,FMXQ,176.46,6
21895,BUY,SSK,166.67,10
21903,BUY,RVU,186.03,3
21905,SELL,ACGP,110.6,5
21906,CANCEL,IEYI,184.88,6
21916,BUY,ZWWJ,125.0,2
21923,CANCEL,FMXQ,125.18,10
21924,BUY,RXC,128.24,8
21934,BUY,VUK,157.11,1
21938,BUY,VUK,136.21,7
21943,SELL,AHF,199.35,1
21946,BUY,TLPJ,130.47,7
21949,BUY,FMXQ,153.06,3
21953,SELL,ZWWJ,159.27,3
21960,BUY,CHQX,106.2,7
21962,SELL,GGO,140.61,9
21966,SELL,ACGP,193.79,5
21967,BUY,RXC,191.02,6
21974,SELL,USNZ,159.36,5
21977,SELL,EJZ,117.1,3
21978,SELL,QJJF,148.94,7
21982,SELL,ZWWJ,127.93,5
21988,BUY,JJI,155.68,4
21993,SELL,VUK,191.61,2
21994,BUY,TLPJ,156.52,2
21995,SELL,RVU,189.88,9
22003,SELL,QJJF,145.67,1
22005,CANCEL,USNZ,171.57,7
22013,CANCEL,EJZ,141.33,5
22016,SELL,TLPJ,191.31,4
22021,SELL,CHQX,130.61,7
22022,BUY,FMXQ,127.62,2
22028,BUY,FYW,105.57,2
22029,BUY,PVAU,112.91,2
22034,SELL,QJJF,111.93,7
22044,CANCEL,RXC,170.03,10
22054,BUY,FMXQ,111.08,7
22059,SELL,GGO,187.62,3
22067,BUY,EJZ,138.75,9
22073,BUY,USNZ,103.52,3
22080,SELL,FYW,152.5,6
22086,SELL,USNZ,118.6,7
22088,CANCEL,PSBF,179.97,1
22095,SELL,QJJF,126.3,8
22100,SELL,GGO,199.38,7
22105,BUY,EJZ,191.73,1
22112,SELL,PSBF,195.58,10
22114,BUY,TLPJ,118.03,5
22117,BUY,ACGP,116.67,8
22120,BUY,GGO,141.16,6
22123,CANCEL,RVU,138.42,8
22131,BUY,CHQX,169.14,6
22132,SELL,CHQX,198.55,10
22140,BUY,ACGP,126.0,2
22150,BUY,SSK,185.32,2
22156,SELL,ACGP,122.17,3
22160,BUY,TLPJ,187.8,9
22163,CANCEL,RXC,159.83,10
22173,SELL,SSK,103.58,9
22177,BUY,QJJF,186.32,4
22186,SELL,ZWWJ,114.73,8
22196,SELL,IEYI,141.53,3
22199,BUY,ACGP,115.66,9
22208,SELL,TLPJ,177.14,7
22213,BUY,ZWWJ,179.72,6
22218,BUY,AHF,180.6,3
22224,SELL,FYW,113.3,8
22231,SELL,PSBF,187.49,3
22239,BUY,JJI,169.41,5
22248,BUY,USNZ,172.87,10
22258,SELL,JJI,166.72,7
22261,BUY,ACGP,103.06,6
22265,BUY,RVU,142.12,2
22272,SELL,FYW,168.07,6
22281,SELL,PSBF,143.04,6
22288,BUY,VUK,132.19,10
22291,SELL,VUK,111.34,8
22300,SELL,QJJF,197.72,2
22302,BUY,JJI,140.24,1
22310,BUY,SSK,143.74,5
22319,SELL,ZWWJ,104.04,5
22325,BUY,JJI,183.49,2
22327,BUY,AHF,171.14,6
22333,BUY,EJZ,154.68,6
22336,BUY,GGO,164.4,9
22344,SELL,EJZ,118.1,7
22346,SELL,ZWWJ,147.28,3
22349,BUY,TLPJ,161.89,3
22352,SELL,TLPJ,177.8,3
22355,BUY,IEYI,192.02,8
22364,CANCEL,VUK,185.14,6
22374,BUY,ACGP,188.38,8
22381,BUY,VUK,150.73,7
22389,SELL,PSBF,106.87,7
22393,BUY,USNZ,191.06,6
22402,SELL,AHF,126.06,8
22409,CANCEL,PSBF,184.63,5
22418,SELL,CHQX,130.69,9
22422,SELL,IEYI,146.16,4
22426,SELL,CHQX,134.09,3
22432,BUY,QJJF,192.36,7
22441,CANCEL,SRBQ,149.79,4
22448,BUY,SSK,180.71,1
22449,BUY,IEYI,104.84,7
22458,BUY,EJZ,122.23,5
22463,BUY,ZWWJ,147.04,4
22467,SELL,VUK,173.57,4
22468,SELL,SRBQ,177.42,1
22471,BUY,FMXQ,139.71,1
22475,BUY,ACGP,105.43,5
22485,SELL,RVU,154.42,3
22491,BUY,FMXQ,151.52,1
22496,BUY,IEYI,190.25,5
22501,BUY,PSBF,171.71,1
22507,SELL,JJI,109.17,1
22509,SELL,RXC,162.44,5
22510,BUY,USNZ,137.75,10
22520,BUY,SRBQ,145.05,5
22526,SELL,RVU,146.14,4
22535,SELL,RXC,101.45,9
22536,SELL,FYW,160.26,3
22540,SELL,PSBF,103.21,3
22543,BUY,FMXQ,196.17,10
22547,SELL,EJZ,160.45,2
22553,SELL,SRBQ,130.84,8
22563,CANCEL,ZWWJ,119.23,10
22570,SELL,ACGP,113.03,4
22571,BUY,CHQX,186.3,1
22573,SELL,SSK,103.3,5
22582,CANCEL,TLPJ,107.87,10
22584,BUY,GGO,106.36,2
22590,BUY,RXC,168.31,1
22593,CANCEL,PVAU,185.46,8
22599,SELL,CHQX,143.4,9
22606,BUY,AHF,157.95,7
22612,CANCEL,ZWWJ,129.66,3
22620,BUY,ACGP,104.74,2
22629,CANCEL,VUK,122.44,5
22639,SELL,JJI,122.86,1
22641,CANCEL,JJI,184.71,10
22650,SELL,SSK,102.62,2
22653,BUY,ZWWJ,182.8,6
22659,SELL,PSBF,153.56,3
22664,SELL,PSBF,145.97,5
22668,SELL,RXC,123.32,10
22670,BUY,QJJF,116.39,6
22679,SELL,ZWWJ,155.74,5
22685,SELL,QJJF,127.87,4
22688,SELL,ACGP,123.45,6
22689,SELL,CHQX,146.55,1
22690,SELL,CHQX,120.56,8
22694,SELL,EJZ,160.83,2
22699,BUY,JJI,115.4,10
22709,CANCEL,SSK,147.94,2
22710,BUY,VUK,180.79,8
22714,SELL,PVAU,110.92,6
22724,CANCEL,RXC,131.16,7
22733,BUY,ACGP,196.67,5
22743,CANCEL,PSBF,150.55,9
22744,BUY,USNZ,129.87,10
22749,BUY,CHQX,151.68,2
22752,BUY,RVU,141.21,1
22754,SELL,SSK,154.52,2
22762,SELL,JJI,115.95,2
22771,BUY,GGO,106.96,2
22773,SELL,QJJF,175.48,3
22777,SELL,PSBF,142.33,8
22781,SELL,ACGP,194.64,5
22787,BUY,VUK,110.63,4
22789,SELL,QJJF,128.77,2
22794,BUY,EJZ,191.36,6
22795,SELL,GGO,133.76,9
22796,SELL,USNZ,102.31,9
22802,BUY,GGO,196.49,6
22807,BUY,RVU,118.43,1
22812,BUY,ACGP,161.75,3
22818,CANCEL,ZWWJ,184.57,9
22826,BUY,GGO,155.33,5
22835,SELL,AHF,100.6,7
22841,BUY,ACGP,166.89,4
22849,CANCEL,IEYI,177.56,7
22859,BUY,PVAU,154.39,6
22862,BUY,ACGP,162.86,1
22869,SELL,AHF,154.27,4
22876,BUY,ACGP,118.43,2
22886,SELL,EJZ,166.93,8
22890,SELL,USNZ,144.28,3
22900,SELL,SSK,106.44,4
22907,SELL,PVAU,152.92,8
22911,SELL,TLPJ,124.38,9
22915,CANCEL,GGO,147.84,6
22919,BUY,TLPJ,189.46,1
22929,SELL,ACGP,123.62,4
22936,SELL,TLPJ,194.69,10
22941,BUY,FYW,143.4,1
22946,BUY,VUK,167.87,2
22952,SELL,RVU,197.44,8
22953,SELL,PVAU,199.65,8
22958,SELL,EJZ,189.47,3
22966,BUY,VUK,113.98,9
22972,SELL,QJJF,183.8,4
22975,SELL,IEYI,120.99,2
22984,CANCEL,FMXQ,169.74,5
22986,SELL,RVU,123.16,6
22989,BUY,EJZ,163.25,7
22999,BUY,EJZ,126.32,6
23005,SELL,JJI,136.88,10
23008,SELL,GGO,155.55,2
23011,BUY,CHQX,158.9,8
23017,BUY,PSBF,154.94,3
23025,SELL,SRBQ,117.51,6
23032,SELL,VUK,138.68,6
23036,SELL,RXC,161.91,10
23046,BUY,FYW,117.9,6
23054,BUY,SSK,148.03,6
23061,BUY,FYW,104.37,7
23068,BUY,RXC,196.92,9
23077,SELL,ACGP,129.97,4
23083,SELL,ZWWJ,112.45,9
23091,SELL,PVAU,102.72,7
23094,SELL,QJJF,103.23,3
23101,SELL,GGO,178.96,6
23107,SELL,VUK,157.96,8
23110,SELL,SRBQ,168.12,10
23113,SELL,EJZ,116.1,9
23118,SELL,PSBF,133.29,9
23124,BUY,FYW,107.34,4
23130,BUY,RVU,108.44,1
23138,SELL,SRBQ,130.1,5
23144,BUY,JJI,166.22,1
23147,BUY,FYW,143.72,6
23155,SELL,EJZ,133.17,7
23158,SELL,AHF,137.73,10
23166,SELL,TLPJ,176.7,9
23168,SELL,ZWWJ,134.99,3
23169,SELL,ZWWJ,124.41,2
23179,BUY,JJI,108.64,2
23189,SELL,TLPJ,101.68,6
23196,CANCEL,AHF,150.35,2
23204,SELL,FYW,123.51,7
23212,CANCEL,PSBF,129.01,6
23220,CANCEL,VUK,129.2,8
23225,SELL,IEYI,136.2,2
23235,BUY,SSK,185.73,9
23243,SELL,FYW,139.66,5
23251,BUY,TLPJ,174.97,5
23261,BUY,SRBQ,141.17,8
23263,BUY,SRBQ,141.37,1
23267,SELL,ZWWJ,126.66,5
23270,SELL,FYW,168.71,3
23272,SELL,SSK,145.25,3
23278,BUY,RVU,118.98,7
23283,CANCEL,QJJF,181.84,2
23285,SELL,IEYI,163.38,3
23288,BUY,PSBF,117.74,1
23295,SELL,ZWWJ,174.3,10
23297,SELL,CHQX,110.18,4
23302,SELL,QJJF,196.12,9
23309,SELL,ZWWJ,135.43,9
23319,SELL,PVAU,124.75,1
23327,BUY,GGO,172.73,10
23332,CANCEL,FYW,155.15,4
23335,SELL,USNZ,152.34,6
23336,BUY,RVU,135.93,6
23341,BUY,PVAU,167.08,8
23345,SELL,TLPJ,115.77,1
23352,BUY,TLPJ,140.66,1
23361,BUY,SRBQ,123.51,3
23363,BUY,RXC,103.2,2
23366,CANCEL,CHQX,115.24,2
23371,BUY,EJZ,139.6,6
23374,BUY,USNZ,168.2,5
23376,CANCEL,IEYI,185.94,5
23379,BUY,PSBF,178.43,5
23386,BUY,GGO,176.96,2
23392,SELL,GGO,114.83,8
23401,SELL,GGO,105.44,7
23408,CANCEL,GGO,147.9,2
23416,BUY,PVAU,152.85,5
23422,SELL,IEYI,180.01,5
23431,BUY,VUK,127.85,4
23438,SELL,PSBF,117.35,8
23444,SELL,JJI,155.11,4
23453,BUY,CHQX,155.31,8
23458,BUY,FYW,150.27,6
23466,SELL,AHF,131.61,2
23474,BUY,SRBQ,190.25,3
23484,SELL,JJI,192.91,8
23488,SELL,VUK,101.84,10
23496,BUY,RXC,160.04,5
23499,SELL,IEYI,197.96,7
23503,SELL,ZWWJ,155.03,3
23511,BUY,RXC,166.23,2
23514,CANCEL,RVU,102.43,9
23515,BUY,ZWWJ,140.95,5
23524,CANCEL,TLPJ,157.1,6
23525,SELL,EJZ,183.58,8
23534,BUY,CHQX,154.39,10
23544,SELL,QJJF,180.02,6
23551,BUY,RXC,163.37,2
23553,SELL,PVAU,193.58,5
23562,SELL,FYW,138.02,6
23566,SELL,AHF,127.17,10
23574,SELL,AHF,136.54,7
23584,SELL,JJI,190.43,5
23586,SELL,PVAU,105.69,6
23591,BUY,FYW,107.08,1
23592,SELL,FMXQ,143.45,7
23595,BUY,USNZ,141.7,10
23603,SELL,CHQX,158.39,3
23613,BUY,JJI,175.03,5
23623,BUY,QJJF,197.14,4
23627,CANCEL,AHF,125.06,3
23630,BUY,ZWWJ,122.75,7
23639,BUY,FYW,143.12,2
23647,SELL,JJI,126.33,7
23653,SELL,PSBF,103.11,1
23660,SELL,RXC,154.21,3
23663,BUY,SSK,188.83,3
23668,BUY,USNZ,187.09,10
23676,CANCEL,ZWWJ,169.97,9
23683,CANCEL,QJJF,154.92,4
23689,BUY,USNZ,135.81,8
23690,BUY,FYW,191.22,10
23694,BUY,AHF,100.05,2
23703,CANCEL,SRBQ,111.35,7
23711,SELL,CHQX,192.08,10
23720,BUY,AHF,152.89,6
23729,BUY,TLPJ,131.97,4
23733,SELL,RXC,105.98,10
23735,SELL,RVU,112.1,7
23744,SELL,SRBQ,153.77,6
23746,SELL,ZWWJ,122.65,9
23751,SELL,GGO,193.61,9
23756,SELL,FYW,153.34,4
23766,BUY,ZWWJ,180.45,7
23773,CANCEL,ACGP,101.53,7
23780,SELL,FYW,156.95,2
23782,SELL,JJI,169.07,4
23792,SELL,IEYI,194.37,1
23799,SELL,EJZ,118.01,2
23801,BUY,SSK,115.51,10
23808,BUY,AHF,113.26,3
23813,BUY,AHF,131.59,1
23821,SELL,RXC,191.24,2
23831,BUY,RXC,103.22,1
23839,SELL,RXC,127.35,7
23844,BUY,ZWWJ,196.81,6
23850,BUY,ZWWJ,177.4,1
23857,BUY,QJJF,184.29,5
23867,SELL,FMXQ,153.11,8
23869,SELL,SSK,136.81,2
23874,BUY,GGO,153.84,3
23879,BUY,VUK,192.4,3
23881,CANCEL,FMXQ,196.54,2
23890,BUY,ACGP,158.71,9
23894,BUY,SSK,107.43,6
23898,BUY,ACGP,110.35,5
23906,CANCEL,ACGP,124.11,3
23913,BUY,SSK,175.84,4
23920,SELL,PVAU,167.96,3
23930,BUY,PVAU,129.92,3
23939,SELL,TLPJ,130.65,4
23949,CANCEL,SSK,190.18,7
23954,SELL,SSK,170.23,9
23959,BUY,VUK,124.22,9
23966,SELL,IEYI,191.44,3
23967,SELL,SRBQ,174.49,7
23970,SELL,ACGP,187.45,6
23979,SELL,IEYI,169.76,9
23988,SELL,CHQX,184.83,3
23990,BUY,ZWWJ,111.24,4
23992,BUY,ACGP,178.84,5
24001,SELL,USNZ,158.98,1
24002,SELL,FMXQ,121.28,10
24005,SELL,ZWWJ,148.65,1
24006,BUY,ZWWJ,126.9,8
24011,SELL,VUK,164.87,6
24019,BUY,USNZ,168.48,2
24022,BUY,ZWWJ,118.3,9
24025,SELL,USNZ,126.78,10
24028,BUY,QJJF,115.74,10
24036,CANCEL,SRBQ,161.3,5
24046,SELL,JJI,145.54,5
24056,BUY,RXC,127.45,1
24060,CANCEL,VUK,124.23,3
24069,CANCEL,RVU,149.86,6
24077,BUY,CHQX,173.13,10
24078,BUY,VUK,147.85,6
24086,BUY,QJJF,120.78,9
24096,BUY,AHF,191.6,9
24097,SELL,USNZ,150.73,9
24100,SELL,FYW,114.2,4
24110,SELL,RXC,190.83,3
24119,BUY,EJZ,160.59,4
24125,SELL,SRBQ,117.24,6
24127,CANCEL,PSBF,175.07,8
24135,BUY,TLPJ,138.91,3
24141,SELL,QJJF,193.42,3
24144,BUY,SSK,111.16,3
24148,BUY,TLPJ,150.9,3
24151,BUY,USNZ,160.81,3
24158,BUY,RVU,103.72,6
24167,SELL,IEYI,141.78,9
24169,SELL,USNZ,121.67,5
24172,SELL,FMXQ,136.22,3
24178,SELL,FMXQ,120.52,5
24188,BUY,JJI,130.53,8
24189,SELL,ZWWJ,113.44,1
24193,SELL,VUK,127.65,7
24196,SELL,CHQX,147.11,8
24205,BUY,CHQX,108.04,10
24208,CANCEL,TLPJ,108.36,1
24212,CANCEL,QJJF,146.78,7
24218,SELL,EJZ,101.98,9
24226,SELL,ACGP,117.72,5
24234,BUY,QJJF,198.48,9
24236,BUY,VUK,196.2,5
24241,BUY,AHF,197.59,1
24247,SELL,QJJF,115.65,5
24250,SELL,PVAU,151.17,1
24256,BUY,CHQX,112.85,2
24262,SELL,QJJF,146.62,10
24270,SELL,USNZ,107.62,5
24272,BUY,RVU,157.66,6
24276,BUY,ZWWJ,103.51,2
24280,SELL,ACGP,150.5,3
24286,BUY,ZWWJ,164.08,2
24294,SELL,USNZ,195.52,5
24295,BUY,PVAU,136.93,4
24298,CANCEL,SSK,189.22,8
24305,BUY,QJJF,152.96,5
24313,BUY,RVU,176.66,5
24316,SELL,FMXQ,119.07,1
24326,BUY,RXC,145.3,2
24335,BUY,RXC,129.84,10
24341,BUY,FMXQ,198.72,1
24348,BUY,USNZ,133.51,4
24349,SELL,TLPJ,153.21,4
24358,BUY,QJJF,124.55,3
24364,BUY,CHQX,177.82,4
24366,SELL,USNZ,133.79,4
24367,BUY,FMXQ,111.69,6
24369,SELL,QJJF,138.03,5
24379,BUY,SSK,178.72,8
24384,BUY,CHQX,179.81,8
24386,SELL,GGO,116.1,6
24392,SELL,RXC,122.39,10
24400,SELL,SSK,194.05,9
24404,SELL,QJJF,105.41,9
24413,BUY,PVAU,166.77,6
24414,CANCEL,GGO,198.88,4
24423,CANCEL,PVAU,162.21,7
24433,SELL,AHF,112.38,7
24434,SELL,ZWWJ,168.47,3
24437,SELL,FMXQ,166.4,8
24440,CANCEL,AHF,130.48,6
24448,BUY,JJI,133.01,3
24453,BUY,AHF,121.71,4
24457,BUY,FMXQ,168.17,7
24467,BUY,FMXQ,102.24,1
24475,BUY,FMXQ,100.87,3
24477,SELL,GGO,142.43,1
24486,CANCEL,VUK,107.54,5
24495,SELL,QJJF,145.89,6
24499,SELL,PVAU,195.21,9
24506,SELL,FYW,130.61,3
24513,BUY,PVAU,198.0,6
24514,BUY,JJI,188.74,4
24519,BUY,ACGP,170.31,4
24523,SELL,PVAU,120.8,7
24530,BUY,CHQX,151.12,3
24538,SELL,GGO,171.44,6
24546,SELL,RVU,151.02,8
24550,SELL,TLPJ,163.19,6
24551,BUY,RVU,139.58,10
24555,BUY,JJI,149.17,10
24557,BUY,EJZ,134.01,1
24566,BUY,JJI,118.85,5
24574,BUY,SSK,138.19,8
24581,BUY,JJI,125.24,4
24587,SELL,FYW,137.89,2
24593,SELL,FYW,111.83,9
24600,CANCEL,SRBQ,118.27,1
24610,SELL,SRBQ,148.18,7
24615,BUY,PSBF,181.33,2
24624,SELL,PVAU,116.33,3
24629,SELL,PSBF,138.99,1
24638,SELL,PSBF,105.55,3
24643,SELL,RXC,166.48,3
24650,BUY,GGO,157.07,3
24655,SELL,TLPJ,119.53,7
24665,SELL,IEYI,154.49,2
24667,SELL,VUK,140.94,5
24668,SELL,AHF,100.86,4
24672,SELL,AHF,158.54,3
24676,BUY,USNZ,185.94,4
24682,BUY,QJJF,187.6,7
24686,SELL,TLPJ,135.19,4
24691,BUY,AHF,162.33,4
24693,BUY,GGO,167.02,5
24699,SELL,VUK,165.78,8
24703,SELL,GGO,147.99,3
24706,CANCEL,SSK,119.08,6
24713,SELL,RVU,177.19,1
24714,BUY,SSK,126.33,2
24717,CANCEL,PVAU,156.59,1
24726,SELL,TLPJ,185.09,2
24736,BUY,CHQX,193.46,8
24744,BUY,IEYI,102.23,10
24749,BUY,RVU,173.85,1
24757,BUY,EJZ,117.17,5
24758,BUY,FYW,199.3,10
24768,BUY,SRBQ,137.07,6
24774,BUY,AHF,192.47,2
24776,SELL,FMXQ,118.37,9
24779,CANCEL,PVAU,165.37,8
24787,BUY,PVAU,150.84,3
24791,SELL,QJJF,160.63,6
24799,SELL,SSK,140.04,7
24805,BUY,PVAU,174.94,1
24807,SELL,EJZ,183.51,2
24810,SELL,RXC,118.71,6
24812,BUY,AHF,191.89,2
24818,SELL,RVU,185.8,3
24825,SELL,QJJF,100.64,1
24831,SELL,SSK,177.67,8
24839,BUY,AHF,115.92,8
24847,BUY,USNZ,161.09,6
24852,BUY,FYW,141.35,3
24858,BUY,PSBF,121.45,1
24868,SELL,IEYI,156.2,1
24871,CANCEL,SSK,119.64,2
24881,BUY,PSBF,162.05,4
24891,BUY,GGO,129.21,10
24897,BUY,RVU,188.1,1
24904,SELL,FYW,116.94,4
24906,SELL,FMXQ,129.95,9
24916,BUY,FMXQ,191.5,1
24923,BUY,GGO,192.75,7
24927,SELL,QJJF,162.49,5
24937,BUY,RXC,167.17,7
24942,SELL,ZWWJ,121.91,10
24944,BUY,FYW,153.85,9
24952,BUY,QJJF,110.37,8
24956,BUY,JJI,127.01,2
24965,SELL,CHQX,166.38,5
24969,SELL,TLPJ,101.18,2
24977,BUY,USNZ,170.06,3
24986,BUY,JJI,176.52,4
24991,BUY,JJI,164.2,1
24998,BUY,GGO,170.38,5
25004,SELL,QJJF,189.05,9
25012,BUY,EJZ,134.86,6
25019,SELL,RXC,169.65,7
25020,BUY,USNZ,154.18,8
25025,BUY,JJI,179.75,9
25033,SELL,SRBQ,165.3,10
25039,CANCEL,ZWWJ,106.38,8
25044,SELL,EJZ,192.36,3
25045,SELL,AHF,196.02,3
25050,BUY,ZWWJ,199.48,5
25053,SELL,RVU,125.42,6
25062,SELL,USNZ,161.45,8
25065,SELL,RVU,199.01,1
25070,SELL,ACGP,146.56,6
25076,BUY,IEYI,111.52,10
25078,SELL,SRBQ,152.14,1
25088,SELL,IEYI,130.02,3
25093,SELL,EJZ,174.39,4
25095,BUY,EJZ,197.55,9
25103,SELL,SSK,133.88,8
25110,BUY,FMXQ,165.63,4
25111,SELL,SRBQ,183.11,4
25113,SELL,QJJF,155.7,9
25115,BUY,CHQX,153.25,10
25119,SELL,VUK,185.2,2
25129,SELL,EJZ,115.05,5
25138,BUY,GGO,181.79,7
25139,CANCEL,SSK,144.89,8
25141,BUY,IEYI,112.07,3
25143,BUY,RXC,169.08,8
25153,BUY,RXC,160.09,7
25162,BUY,FMXQ,189.83,3
25166,SELL,AHF,133.79,1
25170,BUY,IEYI,169.61,10
25174,SELL,AHF,165.91,3
25177,BUY,GGO,166.96,9
25180,BUY,FYW,145.61,9
25182,SELL,TLPJ,180.51,9
25183,SELL,ACGP,188.62,4
25184,SELL,GGO,153.74,1
25187,BUY,RVU,173.9,9
25192,BUY,FMXQ,177.76,7
25194,SELL,USNZ,194.49,10
25204,BUY,IEYI,154.02,7
25214,SELL,FMXQ,109.3,5
25219,BUY,VUK,168.94,4
25229,SELL,JJI,109.76,9
25237,SELL,PSBF,195.43,1
25238,SELL,PSBF,133.95,3
25244,BUY,VUK,130.39,7
25248,BUY,ZWWJ,196.82,7
25256,BUY,EJZ,112.44,8
25257,SELL,VUK,113.6,3
25263,SELL,QJJF,197.56,10
25266,SELL,VUK,183.95,4
25273,SELL,RXC,156.9,5
25280,CANCEL,GGO,159.35,10
25282,BUY,RXC,199.71,8
25285,BUY,AHF,156.39,2
25287,SELL,FYW,119.16,8
25288,BUY,QJJF,125.25,5
25293,SELL,TLPJ,140.38,4
25297,BUY,USNZ,193.01,10
25303,SELL,TLPJ,115.04,7
25309,BUY,FYW,107.3,8
25316,SELL,IEYI,197.6,1
25317,BUY,ACGP,189.15,10
25319,SELL,JJI,118.55,10
25323,BUY,VUK,175.0,10
25333,BUY,FMXQ,117.57,10
25341,BUY,VUK,191.47,10
25342,SELL,VUK,115.72,5
25350,CANCEL,RXC,155.67,2
25358,SELL,SRBQ,123.46,8
25368,BUY,FYW,141.75,1
25375,BUY,FMXQ,104.35,6
25380,SELL,QJJF,191.3,5
25390,CANCEL,TLPJ,172.81,3
25398,SELL,AHF,115.74,2
25404,BUY,ZWWJ,107.31,5
25411,BUY,CHQX,177.22,4
25414,BUY,PSBF,174.9,10
25416,SELL,RVU,142.02,8
25418,SELL,ACGP,197.63,8
25427,SELL,USNZ,157.96,6
25437,SELL,FYW,148.01,8
25440,SELL,QJJF,184.79,6
25446,SELL,QJJF,100.19,1
25455,SELL,RXC,139.44,3
25461,BUY,EJZ,190.97,4
25467,CANCEL,ZWWJ,195.52,2
25469,SELL,PVAU,117.15,7
25471,SELL,VUK,128.19,3
25475,BUY,RXC,195.73,2
25480,BUY,TLPJ,114.65,2
25484,BUY,PVAU,157.85,6
25491,SELL,FYW,173.89,10
25492,SELL,EJZ,126.41,8
25500,BUY,FMXQ,154.96,1
25505,BUY,AHF,109.1,6
25515,SELL,TLPJ,137.21,7
25520,SELL,TLPJ,146.72,3
25529,SELL,PSBF,169.5,9
25539,SELL,VUK,192.92,10
25549,BUY,CHQX,162.16,3
25556,BUY,EJZ,130.9,4
25561,SELL,AHF,129.12,1
25563,BUY,USNZ,126.0,6
25572,BUY,VUK,140.49,5
25573,BUY,SSK,179.7,4
25576,SELL,GGO,131.24,10
25578,BUY,SSK,153.34,10
25581,SELL,ZWWJ,184.97,3
25590,SELL,TLPJ,126.24,9
25592,BUY,VUK,150.17,9
25599,SELL,FMXQ,138.92,7
25608,BUY,PVAU,127.13,4
25611,BUY,JJI,110.35,9
25612,BUY,AHF,190.24,3
25622,SELL,SSK,103.12,10
25624,BUY,IEYI,184.34,2
25626,BUY,VUK,123.33,1
25629,SELL,SRBQ,182.1,3
25633,BUY,FMXQ,144.87,1
25642,CANCEL,FYW,134.66,6
25649,CANCEL,EJZ,163.5,7
25655,BUY,RVU,110.42,6
25665,CANCEL,IEYI,152.28,3
25668,BUY,PVAU,124.06,1
25676,BUY,TLPJ,127.08,8
25682,BUY,SRBQ,131.27,6
25685,SELL,CHQX,155.92,10
25694,SELL,SSK,165.18,7
25698,SELL,VUK,104.42,1
25706,CANCEL,PVAU,115.97,6
25711,SELL,QJJF,195.63,10
25717,BUY,FMXQ,194.95,2
25719,SELL,FMXQ,141.57,5
25727,SELL,RXC,118.45,7
25729,BUY,ACGP,123.31,7
25739,BUY,SRBQ,196.16,2
25746,BUY,ACGP,159.09,1
25751,SELL,GGO,117.89,9
25755,SELL,PVAU,185.06,5
25757,SELL,AHF,148.95,8
25765,CANCEL,TLPJ,127.78,7
25770,BUY,EJZ,129.31,9
25780,SELL,PSBF,171.86,3
25785,BUY,CHQX,185.49,6
25794,SELL,SSK,143.12,3
25803,SELL,ZWWJ,125.25,3
25807,SELL,VUK,141.66,6
25808,BUY,USNZ,190.67,2
25810,SELL,RVU,197.68,2
25820,BUY,USNZ,183.89,3
25824,SELL,QJJF,184.69,1
25828,CANCEL,AHF,187.35,4
25836,SELL,JJI,198.48,6
25846,BUY,PSBF,187.78,2
25853,BUY,FYW,141.66,1
25857,SELL,CHQX,120.23,6
25864,BUY,PSBF,136.2,4
25869,BUY,VUK,129.39,9
25876,SELL,VUK,135.57,7
25877,BUY,ZWWJ,135.23,4
25886,BUY,VUK,185.54,7
25889,SELL,GGO,113.24,6
25894,SELL,TLPJ,154.99,5
25896,BUY,AHF,177.27,2
25903,SELL,SSK,180.08,1
25905,SELL,AHF,138.51,3
25915,SELL,ZWWJ,141.87,2
25924,SELL,IEYI,122.66,3
25933,BUY,EJZ,185.07,9
25941,BUY,QJJF,167.31,1
25944,BUY,QJJF,109.02,1
25949,SELL,RVU,154.02,3
25958,CANCEL,JJI,112.18,10
25961,SELL,IEYI,102.01,2
25963,BUY,CHQX,192.12,3
25967,SELL,QJJF,133.12,4
25970,SELL,USNZ,197.43,10
25980,BUY,TLPJ,102.7,10
25987,SELL,EJZ,128.18,6
25995,BUY,CHQX,119.63,1
25996,BUY,ACGP,156.36,9
26003,SELL,USNZ,137.36,7
26009,BUY,AHF,152.97,9
26015,BUY,CHQX,118.88,5
26019,BUY,FMXQ,121.18,5
26020,SELL,PVAU,112.74,10
26024,SELL,EJZ,178.34,7
26032,SELL,PVAU,131.75,9
26042,SELL,PVAU,138.93,8
26050,BUY,SRBQ,117.05,3
26055,BUY,ACGP,196.49,7
26064,CANCEL,EJZ,172.38,8
26067,CANCEL,AHF,112.68,6
26069,SELL,FMXQ,111.92,1
26077,SELL,VUK,127.71,2
26082,BUY,AHF,147.47,4
26083,SELL,JJI,120.99,8
26086,CANCEL,VUK,144.45,8
26087,BUY,PVAU,166.06,10
26097,BUY,FYW,188.8,2
26106,SELL,RXC,147.34,1
26113,SELL,IEYI,151.88,8
26119,SELL,GGO,184.4,8
26124,BUY,PSBF,123.88,3
26131,CANCEL,FYW,122.44,9
26138,SELL,ZWWJ,124.2,7
26139,BUY,VUK,117.1,4
26143,SELL,QJJF,198.12,1
26149,SELL,TLPJ,146.2,1
26152,BUY,FYW,120.47,7
26157,BUY,GGO,109.31,4
26162,BUY,AHF,188.96,6
26167,SELL,RVU,121.84,4
26176,BUY,VUK,177.41,5
26186,BUY,ACGP,176.01,9
26195,BUY,FMXQ,147.61,5
26203,BUY,EJZ,107.15,5
26205,SELL,ACGP,139.29,8
26214,SELL,PVAU,197.3,9
26217,SELL,PSBF,102.35,1
26221,BUY,PSBF,150.2,2
26227,BUY,JJI,185.73,10
26230,BUY,FMXQ,151.84,4
26231,SELL,FYW,190.77,8
26240,SELL,EJZ,159.86,6
26249,BUY,FYW,132.3,4
26255,BUY,CHQX,129.05,8
26256,CANCEL,CHQX,153.42,4
26262,SELL,TLPJ,198.55,3
26263,SELL,CHQX,196.66,10
26264,SELL,PSBF,136.47,8
26270,BUY,QJJF,153.05,9
26276,SELL,AHF,152.84,8
26285,BUY,PVAU,188.11,8
26295,BUY,IEYI,196.97,4
26297,BUY,TLPJ,185.04,3
26298,BUY,AHF,103.92,1
26306,BUY,JJI,129.11,1
26308,BUY,JJI,162.79,7
26314,SELL,VUK,197.86,8
26324,SELL,JJI,191.34,2
26329,BUY,FYW,187.16,3
26338,BUY,VUK,177.37,4
26345,BUY,USNZ,186.65,1
26348,SELL,EJZ,127.23,3
26358,BUY,AHF,115.78,1
26366,BUY,AHF,172.02,1
26369,BUY,AHF,189.28,3
26373,BUY,RXC,171.46,8
26378,BUY,CHQX,140.97,10
26379,CANCEL,JJI,191.52,1
26383,CANCEL,JJI,196.24,2
26391,BUY,RXC,104.56,10
26398,SELL,IEYI,104.87,4
26402,BUY,RXC,114.85,10
26412,SELL,TLPJ,127.69,7
26417,SELL,PSBF,100.33,10
26422,BUY,VUK,182.44,1
26426,SELL,CHQX,144.42,9
26431,CANCEL,CHQX,146.24,1
26437,SELL,ZWWJ,105.99,4
26439,BUY,JJI,113.28,7
26445,SELL,QJJF,173.98,1
26449,CANCEL,QJJF,108.14,4
26452,SELL,JJI,105.91,5
26460,SELL,FYW,195.44,7
26467,BUY,PSBF,161.11,2
26469,SELL,EJZ,136.19,1
26474,BUY,AHF,138.39,1
26480,BUY,PSBF,105.07,8
26485,BUY,SRBQ,119.48,1
26491,SELL,RXC,182.88,3
26496,SELL,JJI,110.58,4
26500,SELL,ACGP,150.37,7
26509,SELL,FYW,104.86,2
26514,BUY,ZWWJ,132.16,3
26523,SELL,IEYI,198.33,4
26528,BUY,QJJF,137.3,7
26533,SELL,GGO,141.96,2
26537,BUY,RVU,113.71,10
26538,BUY,GGO,118.09,7
26547,SELL,FMXQ,111.15,9
26557,BUY,QJJF,125.71,1
26565,BUY,TLPJ,109.82,10
26574,CANCEL,FYW,130.16,4
26580,SELL,RXC,172.09,7
26585,CANCEL,JJI,114.31,8
26593,SELL,USNZ,107.25,10
26603,SELL,JJI,123.02,4
26606,SELL,FMXQ,104.15,2
26614,SELL,PSBF,189.56,5
26620,SELL,GGO,170.92,3
26622,BUY,TLPJ,129.13,9
26629,CANCEL,PSBF,143.75,9
26636,SELL,CHQX,121.02,4
26645,BUY,FMXQ,167.7,1
26648,SELL,FYW,146.07,2
26654,BUY,SRBQ,184.66,10
26662,BUY,FMXQ,160.79,8
26668,CANCEL,RXC,185.2,6
26673,BUY,JJI,146.56,3
26682,SELL,JJI,165.88,4
26691,BUY,TLPJ,139.57,6
26695,SELL,CHQX,191.55,1
26700,BUY,FMXQ,123.95,7
26703,SELL,JJI,194.63,1
26707,SELL,FMXQ,172.39,9
26714,SELL,RXC,147.22,2
26718,BUY,AHF,185.75,4
26721,BUY,RXC,129.52,2
26722,CANCEL,AHF,125.58,9
26727,SELL,SSK,113.4,7
26737,BUY,CHQX,114.79,10
26744,SELL,CHQX,168.6,1
26753,SELL,USNZ,179.96,7
26758,BUY,GGO,102.78,10
26763,SELL,CHQX,180.99,2
26765,SELL,IEYI,107.1,6
26768,SELL,USNZ,107.67,7
26769,BUY,GGO,159.7,8
26774,SELL,IEYI,196.95,7
26780,SELL,RVU,171.39,5
26785,SELL,FYW,197.55,1
26793,SELL,VUK,152.01,3
26799,BUY,PVAU,175.17,9
26804,CANCEL,SSK,105.36,9
26807,SELL,TLPJ,178.39,7
26813,SELL,EJZ,138.74,7
26819,SELL,FMXQ,179.54,6
26826,CANCEL,QJJF,100.43,3
26833,SELL,PSBF,188.71,4
26838,BUY,FYW,145.92,4
26846,SELL,USNZ,156.99,6
26852,SELL,ACGP,135.8,2
26862,BUY,GGO,147.05,2
26863,BUY,ZWWJ,109.84,10
26873,SELL,ZWWJ,155.96,1
26882,BUY,ACGP,154.65,6
26885,SELL,GGO,153.71,10
26892,SELL,GGO,120.58,7
26898,SELL,TLPJ,199.62,5
26902,BUY,EJZ,115.22,1
26911,BUY,RXC,157.89,7
26916,SELL,QJJF,190.97,3
26925,CANCEL,ZWWJ,118.34,10
26932,BUY,PSBF,171.58,7
26934,SELL,FMXQ,170.94,2
26941,BUY,AHF,110.26,8
26945,BUY,USNZ,183.61,3
26949,SELL,ACGP,110.38,5
26958,BUY,GGO,182.07,10
26962,BUY,EJZ,124.31,9
26965,BUY,PSBF,148.59,8
26969,BUY,RVU,134.13,4
26973,CANCEL,USNZ,123.43,1
26983,BUY,AHF,171.13,2
26991,SELL,SRBQ,182.85,7
26992,BUY,SSK,173.37,1
27002,SELL,RXC,127.09,4
27005,BUY,ZWWJ,138.54,8
27009,BUY,FMXQ,191.48,10
27012,SELL,USNZ,101.83,6
27013,SELL,FYW,189.05,4
27021,BUY,QJJF,179.54,7
27030,BUY,PVAU,150.9,5
27031,BUY,ACGP,193.24,2
27034,SELL,USNZ,189.92,9
27035,BUY,ACGP,188.8,6
27042,BUY,FMXQ,104.72,1
27044,BUY,CHQX,125.28,10
27051,BUY,RXC,153.05,4
27052,BUY,IEYI,117.37,4
27061,BUY,FMXQ,181.95,2
27062,SELL,CHQX,186.43,7
27072,SELL,PSBF,170.6,8
27078,BUY,FMXQ,102.18,4
27087,SELL,FMXQ,195.25,4
27096,SELL,QJJF,117.42,7
27101,SELL,ACGP,176.18,3
27108,BUY,TLPJ,156.78,5
27113,BUY,EJZ,173.95,4
27117,SELL,RVU,180.1,10
27119,BUY,ACGP,150.63,10
27124,BUY,ZWWJ,107.22,10
27128,BUY,IEYI,118.21,9
27131,SELL,EJZ,140.81,6
27132,CANCEL,CHQX,166.87,3
27140,BUY,CHQX,182.57,8
27145,BUY,USNZ,178.85,6
27153,SELL,AHF,123.9,2
27156,SELL,TLPJ,164.55,7
27159,BUY,CHQX,180.23,7
27160,BUY,QJJF,146.48,6
27167,BUY,PSBF,156.71,1
27168,BUY,PVAU,116.38,6
27178,CANCEL,TLPJ,136.69,4
27181,SELL,QJJF,109.78,1
27186,CANCEL,PVAU,183.42,5
27187,BUY,QJJF,178.07,3
27189,SELL,SRBQ,137.75,2
27194,BUY,QJJF,111.4,3
27196,BUY,SSK,166.92,4
27204,BUY,VUK,150.29,3
27206,BUY,EJZ,145.24,4
27216,BUY,GGO,134.98,9
27226,CANCEL,PVAU,186.17,7
27228,BUY,QJJF,126.94,2
27236,SELL,RXC,167.0,9
27240,SELL,PSBF,119.4,10
27242,BUY,FYW,184.46,1
27248,BUY,SSK,101.86,6
27253,SELL,JJI,107.96,2
27254,BUY,GGO,129.55,3
27264,BUY,GGO,159.89,2
27266,SELL,VUK,126.68,3
27270,BUY,RXC,147.9,5
27280,BUY,QJJF,174.09,6
27289,SELL,FYW,156.76,8
27290,BUY,SRBQ,146.94,10
27295,CANCEL,RVU,115.94,5
27300,BUY,PVAU,188.36,6
27310,BUY,RVU,122.61,3
27315,BUY,FMXQ,164.68,1
27321,BUY,QJJF,124.35,3
27330,SELL,USNZ,180.67,5
27338,SELL,PSBF,136.3,10
27347,BUY,FYW,186.04,9
27356,SELL,GGO,162.96,9
27362,CANCEL,FYW,179.1,4
27364,CANCEL,SRBQ,122.87,6
27365,BUY,GGO,135.38,2
27369,BUY,FYW,134.96,1
27376,BUY,USNZ,161.72,6
27381,BUY,FYW,149.47,7
27387,SELL,JJI,198.0,9
27391,SELL,FYW,112.12,1
27396,SELL,JJI,100.91,2
27404,BUY,RXC,185.62,1
27410,SELL,CHQX,123.09,5
27417,SELL,PSBF,102.52,9
27422,BUY,FMXQ,149.59,10
27432,SELL,IEYI,166.55,5
27437,BUY,FMXQ,188.76,6
27440,BUY,SRBQ,109.04,10
27444,BUY,FYW,160.85,9
27445,BUY,RXC,161.19,9
27450,SELL,PVAU,111.02,2
27456,SELL,PVAU,196.99,9
27466,BUY,FMXQ,199.38,6
27474,SELL,FMXQ,112.35,9
27484,SELL,VUK,182.57,10
27492,SELL,FMXQ,118.4,6
27493,BUY,USNZ,100.99,5
27502,BUY,FYW,170.72,4
27507,SELL,RXC,149.52,1
27515,CANCEL,GGO,108.33,10
27524,SELL,SSK,167.97,9
27531,SELL,FMXQ,137.4,10
27539,SELL,PSBF,108.1,6
27545,BUY,ACGP,147.61,8
27552,BUY,AHF,180.6,6
27559,BUY,ACGP,120.2,10
27564,BUY,PVAU,130.25,2
27571,SELL,FMXQ,118.92,10
27578,BUY,ACGP,159.62,8
27586,SELL,FMXQ,139.0,4
27587,SELL,FMXQ,123.86,10
27593,SELL,USNZ,149.88,9
27601,SELL,GGO,153.97,1
27610,CANCEL,RVU,122.43,6
27614,SELL,QJJF,177.64,3
27617,BUY,USNZ,177.92,4
27624,BUY,FMXQ,120.53,4
27632,BUY,USNZ,128.42,5
27637,BUY,CHQX,196.78,5
27645,BUY,RXC,190.46,9
27655,BUY,SRBQ,183.95,8
27660,SELL,EJZ,191.1,2
27669,SELL,ZWWJ,141.66,7
27677,SELL,QJJF,107.26,4
27684,SELL,AHF,195.71,8
27685,SELL,FMXQ,105.61,7
27686,BUY,AHF,132.83,2
27691,SELL,PVAU,131.05,1
27695,SELL,ZWWJ,168.99,6
27698,CANCEL,SSK,101.33,6
27700,SELL,VUK,136.07,4
27704,BUY,GGO,136.73,10
27714,SELL,RVU,177.88,6
27716,SELL,VUK,157.04,8
27726,SELL,PVAU,187.45,9
27734,SELL,PVAU,120.75,9
27736,BUY,EJZ,106.54,8
27737,SELL,SSK,108.73,2
27743,SELL,QJJF,131.41,5
27750,BUY,CHQX,114.68,9
27757,BUY,USNZ,183.68,2
27763,BUY,VUK,196.7,4
27771,BUY,JJI,143.94,10
27781,SELL,SSK,158.56,3
27786,SELL,EJZ,125.19,9
27789,SELL,IEYI,181.25,2
27794,BUY,GGO,113.26,4
27799,BUY,SRBQ,197.31,1
27801,BUY,QJJF,119.77,2
27805,BUY,RXC,148.95,2
27812,BUY,VUK,169.03,6
27815,BUY,RXC,185.05,9
27817,BUY,CHQX,125.54,9
27823,CANCEL,FMXQ,138.6,4
27824,SELL,ZWWJ,184.57,5
27826,SELL,JJI,147.54,6
27829,BUY,IEYI,137.27,4
27836,BUY,EJZ,119.39,2
27841,BUY,SRBQ,198.85,1
27842,SELL,USNZ,198.09,9
27849,CANCEL,RXC,194.27,4
27859,SELL,VUK,138.25,6
27869,SELL,IEYI,124.87,10
27874,CANCEL,RVU,174.7,9
27880,BUY,CHQX,135.49,9
27889,BUY,USNZ,115.64,7
27899,SELL,PSBF,106.42,4
27907,SELL,FMXQ,100.25,2
27911,SELL,VUK,181.83,10
27917,BUY,SRBQ,173.97,10
27926,SELL,PSBF,120.32,2
27934,BUY,PVAU,123.94,6
27937,SELL,PSBF,183.64,9
27940,BUY,ACGP,171.31,10
27947,SELL,FYW,135.44,8
27951,SELL,EJZ,141.04,2
27952,SELL,IEYI,137.62,10
27961,BUY,SSK,156.2,10
27968,SELL,USNZ,133.01,9
27971,BUY,JJI,104.16,6
27975,SELL,PVAU,194.58,2
27980,CANCEL,FMXQ,100.02,1
27983,BUY,VUK,130.53,3
27988,SELL,GGO,188.36,4
27996,SELL,USNZ,180.95,1
28000,SELL,USNZ,129.45,6
28006,SELL,JJI,181.65,5
28007,SELL,AHF,109.88,1
28015,BUY,FYW,194.48,10
28016,CANCEL,VUK,181.72,2
28024,CANCEL,EJZ,163.95,3
28029,SELL,AHF,118.4,8
28037,SELL,QJJF,132.59,6
28043,BUY,GGO,156.26,7
28048,SELL,SRBQ,190.45,7
28057,SELL,TLPJ,115.22,7
28064,BUY,PSBF,147.67,5
28069,SELL,EJZ,104.72,2
28072,BUY,ACGP,112.27,7
28081,SELL,RXC,185.56,10
28090,BUY,EJZ,100.85,10
28094,SELL,FMXQ,158.82,4
28100,CANCEL,CHQX,173.04,6
28101,BUY,ZWWJ,162.46,9
28104,SELL,FMXQ,168.21,6
28107,BUY,AHF,104.02,9
28115,BUY,QJJF,182.75,10
28121,SELL,FMXQ,180.15,7
28130,BUY,CHQX,149.22,3
28139,SELL,RXC,111.34,1
28144,BUY,RVU,157.41,10
28146,BUY,AHF,130.49,9
28150,BUY,PVAU,105.98,4
28151,SELL,IEYI,148.81,8
28161,SELL,PSBF,112.81,2
28171,BUY,SSK,141.41,6
28178,SELL,PSBF,153.87,9
28180,BUY,GGO,104.78,4
28187,SELL,SRBQ,147.83,3
28196,SELL,PVAU,149.95,3
28205,SELL,AHF,187.74,1
28207,SELL,SRBQ,197.38,4
28215,SELL,SRBQ,144.81,10
28216,BUY,FMXQ,153.45,3
28225,BUY,RVU,132.25,7
28228,BUY,RVU,145.59,8
28231,BUY,USNZ,189.58,9
28238,BUY,EJZ,183.26,2
28244,SELL,ACGP,153.17,7
28245,SELL,CHQX,195.27,3
28246,SELL,IEYI,119.01,10
28250,BUY,QJJF,118.38,1
28259,BUY,JJI,173.92,9
28266,SELL,FMXQ,171.47,3
28273,BUY,JJI,176.22,10
28281,CANCEL,RVU,170.18,3
28287,BUY,SSK,172.12,10
28294,SELL,AHF,196.48,8
28304,BUY,IEYI,103.45,10
28309,BUY,SSK,109.68,4
28312,BUY,FMXQ,180.91,5
28320,BUY,RXC,141.19,2
28325,SELL,JJI,111.4,10
28332,BUY,USNZ,103.32,9
28335,BUY,EJZ,108.04,3
28343,SELL,SSK,132.33,8
28345,SELL,EJZ,134.19,8
28348,CANCEL,PSBF,152.97,7
28354,BUY,RXC,189.13,1
28358,SELL,USNZ,159.77,9
28366,BUY,AHF,190.57,9
28370,BUY,SSK,165.41,2
28376,SELL,PVAU,176.04,7
28378,SELL,RVU,148.9,2
28388,SELL,SRBQ,165.49,2
28396,BUY,GGO,184.76,4
28398,BUY,CHQX,189.33,10
28407,BUY,VUK,169.86,3
28409,BUY,SRBQ,121.37,3
28410,BUY,TLPJ,198.78,9
28419,CANCEL,ACGP,135.58,5
28428,BUY,CHQX,170.24,10
28436,SELL,RXC,103.74,6
28437,SELL,JJI,141.18,2
28445,BUY,TLPJ,131.02,9
28455,BUY,FMXQ,182.05,1
28464,SELL,EJZ,150.81,10
28469,SELL,EJZ,106.26,7
28479,CANCEL,JJI,166.32,6
28489,BUY,PVAU,107.39,10
28493,SELL,QJJF,173.98,9
28497,SELL,SSK,111.32,8
28504,BUY,ZWWJ,121.18,2
28512,CANCEL,USNZ,128.32,4
28520,BUY,FMXQ,141.05,8
28521,BUY,TLPJ,171.61,10
28531,SELL,ZWWJ,186.64,9
28541,CANCEL,GGO,122.33,7
28548,SELL,FYW,129.27,6
28555,CANCEL,JJI,110.48,8
28559,SELL,FYW,107.24,4
28563,BUY,PSBF,198.27,7
28572,BUY,JJI,191.27,5
28576,BUY,EJZ,116.02,1
28586,BUY,AHF,127.84,4
28596,CANCEL,CHQX,158.58,7
28599,SELL,JJI,128.91,7
28604,BUY,IEYI,155.52,3
28611,CANCEL,PVAU,183.49,3
28614,BUY,CHQX,127.22,7
28622,CANCEL,ZWWJ,123.67,5
28627,SELL,PSBF,110.19,6
28636,SELL,AHF,197.63,8
28638,SELL,VUK,162.83,5
28640,BUY,RXC,149.39,2
28643,BUY,QJJF,148.68,9
28644,SELL,USNZ,197.09,7
28653,CANCEL,TLPJ,165.27,10
28662,SELL,ACGP,108.62,9
28672,CANCEL,RVU,140.14,5
28673,SELL,FYW,138.19,10
28675,SELL,ACGP,127.87,9
28684,BUY,GGO,117.26,3
28693,BUY,QJJF,116.17,2
28703,CANCEL,IEYI,163.88,3
28708,SELL,PSBF,126.8,7
28716,BUY,ZWWJ,153.77,9
28722,BUY,VUK,146.33,10
28723,BUY,PVAU,156.15,6
28727,BUY,QJJF,155.2,10
28732,SELL,ACGP,189.22,8
28735,SELL,ZWWJ,141.81,10
28743,BUY,GGO,151.1,4
28752,BUY,ACGP,119.93,9
28759,SELL,SSK,124.61,8
28761,BUY,QJJF,159.29,1
28771,SELL,SRBQ,158.42,8
28776,BUY,RXC,180.58,4
28785,BUY,RXC,157.61,3
28788,BUY,TLPJ,176.09,5
28795,SELL,RXC,166.55,7
28796,BUY,EJZ,154.02,10
28801,SELL,IEYI,149.71,8
28808,BUY,PSBF,193.66,9
28818,SELL,EJZ,160.54,8
28822,BUY,IEYI,138.86,3
28824,SELL,FYW,170.14,7
28833,BUY,GGO,165.92,7
28843,BUY,EJZ,189.8,7
28850,BUY,AHF,156.43,10
28860,BUY,TLPJ,183.67,4
28867,SELL,QJJF,195.23,5
28875,BUY,SRBQ,162.58,8
28876,BUY,IEYI,138.07,1
28886,SELL,EJZ,109.62,2
28891,BUY,SRBQ,126.68,1
28898,BUY,SSK,123.74,8
28907,BUY,SSK,119.74,7
28915,SELL,TLPJ,186.83,3
28921,BUY,RXC,199.29,1
28923,CANCEL,PVAU,187.5,7
28930,SELL,GGO,108.47,9
28933,BUY,FMXQ,174.74,6
28943,CANCEL,EJZ,167.29,8
28947,BUY,ZWWJ,151.87,10
28957,SELL,CHQX,114.76,1
28967,SELL,PVAU,100.8,6
28976,SELL,ACGP,134.25,8
